Order ID,Date,Category,Region,Customer Segment,Fulfilment,Style,Size,Courier Status,Qty,Unit Price,Status,B2B,Currency,Amount,Cost,Profit,Profit Margin %,Year,Month
ORD00001,2025-06-25 14:01:10.432796,Books,West,Consumer,FBA,Minimalist,Medium,Delivered,14,36.87,Completed,False,USD,516.18,361.32599999999996,154.85399999999998,30.0,2025,June
ORD00002,2024-07-30 14:01:10.432822,Books,East,Small Business,FBA,Modern,Medium,In Transit,9,72.15,Completed,False,USD,649.35,454.54499999999996,194.80500000000006,30.00000000000001,2024,July
ORD00003,2025-06-14 14:01:10.432827,Clothing,North,Consumer,FBA,Classic,Medium,Delayed,10,185.72,Completed,False,USD,1857.2,1300.04,557.1600000000001,30.000000000000004,2025,June
ORD00004,2024-12-09 14:01:10.432829,Clothing,West,Corporate,Merchant,Minimalist,Small,Delivered,14,158.49,Completed,True,USD,2218.86,1553.202,665.6580000000001,30.000000000000004,2024,December
ORD00005,2024-10-31 14:01:10.432832,Clothing,North,Consumer,FBA,Modern,Large,Delayed,12,272.76,Completed,True,USD,3273.12,2291.1839999999997,981.9360000000001,30.000000000000004,2024,October
ORD00006,2024-08-26 14:01:10.432835,Home Decor,West,Consumer,FBA,Modern,Small,In Transit,11,41.29,Completed,True,USD,454.19,317.933,136.257,30.0,2024,August
ORD00007,2024-12-20 14:01:10.432837,Clothing,North,Small Business,Merchant,Classic,Small,Delayed,12,71.41,Completed,True,USD,856.92,599.8439999999999,257.076,30.000000000000004,2024,December
ORD00008,2024-11-04 14:01:10.432840,Electronics,East,Small Business,FBA,Modern,Small,Delivered,12,51.25,Completed,True,USD,615.0,430.5,184.5,30.0,2024,November
ORD00009,2025-06-03 14:01:10.432844,Books,South,Small Business,FBA,Minimalist,Small,Delivered,4,140.79,Completed,True,USD,563.16,394.21199999999993,168.94800000000004,30.00000000000001,2025,June
ORD00010,2024-09-08 14:01:10.432847,Beauty,North,Corporate,Dropship,Minimalist,Medium,Delivered,9,162.73,Completed,False,USD,1464.57,1025.1989999999998,439.3710000000001,30.00000000000001,2024,September
ORD00011,2024-09-01 14:01:10.432851,Home Decor,East,Small Business,Merchant,Minimalist,Large,Delayed,3,164.64,Completed,False,USD,493.91999999999996,345.74399999999997,148.176,30.0,2024,September
ORD00012,2024-10-15 14:01:10.432855,Electronics,West,Small Business,FBA,Minimalist,Small,In Transit,6,229.19,Completed,False,USD,1375.1399999999999,962.5979999999998,412.54200000000003,30.000000000000004,2024,October
ORD00013,2024-12-05 14:01:10.432859,Home Decor,North,Consumer,Merchant,Minimalist,Small,In Transit,12,196.17,Completed,False,USD,2354.04,1647.828,706.212,30.0,2024,December
ORD00014,2025-01-07 14:01:10.432864,Home Decor,East,Small Business,FBA,Modern,Small,Delayed,6,272.73,Completed,True,USD,1636.38,1145.466,490.9140000000002,30.00000000000001,2025,January
ORD00015,2025-05-23 14:01:10.432868,Home Decor,South,Small Business,Merchant,Minimalist,Large,In Transit,9,186.35,Completed,False,USD,1677.1499999999999,1174.0049999999999,503.145,30.0,2025,May
ORD00016,2025-01-04 14:01:10.432872,Electronics,East,Consumer,Merchant,Minimalist,Small,Delayed,7,292.64,Completed,False,USD,2048.48,1433.936,614.5440000000001,30.000000000000004,2025,January
ORD00017,2024-08-08 14:01:10.432877,Home Decor,East,Consumer,Dropship,Classic,Small,Delayed,8,159.25,Completed,False,USD,1274.0,891.8,382.20000000000005,30.000000000000004,2024,August
ORD00018,2024-08-29 14:01:10.432881,Clothing,West,Consumer,FBA,Modern,Large,Delivered,10,203.05,Completed,True,USD,2030.5,1421.35,609.1500000000001,30.000000000000004,2024,August
ORD00019,2024-11-24 14:01:10.432885,Home Decor,West,Corporate,Merchant,Modern,Small,Delivered,8,149.5,Completed,False,USD,1196.0,837.1999999999999,358.80000000000007,30.000000000000004,2024,November
ORD00020,2024-08-23 14:01:10.432889,Clothing,North,Consumer,FBA,Classic,Small,Delivered,3,261.62,Completed,False,USD,784.86,549.4019999999999,235.45800000000008,30.00000000000001,2024,August
ORD00021,2025-04-16 14:01:10.432894,Beauty,North,Small Business,Merchant,Classic,Large,Delivered,1,114.28,Completed,True,USD,114.28,79.996,34.284000000000006,30.000000000000004,2025,April
ORD00022,2024-07-20 14:01:10.432897,Books,West,Consumer,Dropship,Classic,Small,Delivered,12,68.42,Completed,False,USD,821.04,574.728,246.312,30.000000000000004,2024,July
ORD00023,2024-10-04 14:01:10.432902,Books,South,Corporate,Dropship,Classic,Small,In Transit,6,232.94,Completed,False,USD,1397.6399999999999,978.3479999999998,419.29200000000003,30.000000000000004,2024,October
ORD00024,2024-10-14 14:01:10.432906,Home Decor,West,Small Business,Dropship,Minimalist,Large,Delayed,9,165.86,Completed,False,USD,1492.7400000000002,1044.9180000000001,447.8220000000001,30.000000000000004,2024,October
ORD00026,2025-02-18 14:01:10.432911,Clothing,West,Consumer,FBA,Minimalist,Large,In Transit,4,269.75,Completed,True,USD,1079.0,755.3,323.70000000000005,30.000000000000004,2025,February
ORD00027,2025-05-05 14:01:10.432914,Electronics,West,Consumer,FBA,Minimalist,Large,Delayed,2,157.49,Completed,False,USD,314.98,220.486,94.49400000000003,30.00000000000001,2025,May
ORD00028,2025-03-28 14:01:10.432916,Books,West,Corporate,FBA,Classic,Small,In Transit,10,288.72,Completed,False,USD,2887.2000000000003,2021.04,866.1600000000003,30.00000000000001,2025,March
ORD00029,2024-10-01 14:01:10.432918,Clothing,North,Small Business,FBA,Classic,Small,In Transit,13,185.0,Completed,True,USD,2405.0,1683.5,721.5,30.0,2024,October
ORD00030,2024-10-29 14:01:10.432921,Books,East,Small Business,Merchant,Modern,Small,In Transit,13,104.67,Completed,True,USD,1360.71,952.497,408.2130000000001,30.000000000000004,2024,October
ORD00031,2024-10-25 14:01:10.432923,Home Decor,East,Small Business,Merchant,Modern,Small,Delivered,5,50.87,Completed,False,USD,254.35,178.045,76.305,30.000000000000004,2024,October
ORD00032,2024-11-19 14:01:10.432925,Clothing,North,Corporate,Dropship,Modern,Large,Delivered,6,224.8,Completed,False,USD,1348.8000000000002,944.1600000000001,404.6400000000001,30.000000000000004,2024,November
ORD00033,2024-06-30 14:01:10.432928,Books,West,Consumer,Merchant,Minimalist,Large,Delivered,13,67.95,Completed,False,USD,883.35,618.345,265.005,30.0,2024,June
ORD00034,2025-04-02 14:01:10.432930,Beauty,West,Corporate,Merchant,Modern,Small,Delivered,6,137.81,Completed,True,USD,826.86,578.802,248.058,30.0,2025,April
ORD00035,2024-08-22 14:01:10.432933,Home Decor,North,Corporate,Dropship,Modern,Medium,Delivered,8,43.19,Completed,False,USD,345.52,241.86399999999998,103.656,30.000000000000004,2024,August
ORD00036,2024-08-10 14:01:10.432935,Beauty,West,Corporate,FBA,Classic,Small,Delivered,8,54.98,Completed,False,USD,439.84,307.888,131.952,30.0,2024,August
ORD00037,2025-03-24 14:01:10.432937,Electronics,South,Corporate,FBA,Minimalist,Medium,Delivered,10,244.87,Completed,False,USD,2448.7,1714.0899999999997,734.6100000000001,30.00000000000001,2025,March
ORD00038,2024-10-05 14:01:10.432940,Electronics,North,Consumer,Dropship,Modern,Large,In Transit,5,56.66,Completed,False,USD,283.29999999999995,198.30999999999995,84.99000000000001,30.00000000000001,2024,October
ORD00039,2025-05-23 14:01:10.432943,Beauty,East,Consumer,Dropship,Modern,Medium,Delayed,5,115.13,Completed,True,USD,575.65,402.955,172.695,30.0,2025,May
ORD00040,2025-05-04 14:01:10.432947,Home Decor,West,Small Business,Dropship,Minimalist,Medium,Delayed,6,92.19,Completed,True,USD,553.14,387.198,165.942,30.000000000000004,2025,May
ORD00041,2024-11-09 14:01:10.432951,Books,East,Corporate,Merchant,Classic,Large,In Transit,10,222.96,Completed,True,USD,2229.6,1560.7199999999998,668.8800000000001,30.000000000000004,2024,November
ORD00042,2025-01-05 14:01:10.432956,Home Decor,East,Consumer,Merchant,Classic,Medium,In Transit,7,101.64,Completed,True,USD,711.48,498.036,213.44400000000002,30.0,2025,January
ORD00043,2025-01-18 14:01:10.432959,Books,East,Corporate,Merchant,Classic,Large,In Transit,10,232.51,Completed,True,USD,2325.1,1627.57,697.53,30.0,2025,January
ORD00044,2025-06-24 14:01:10.432963,Clothing,West,Small Business,FBA,Classic,Small,Delivered,10,230.39,Completed,True,USD,2303.8999999999996,1612.7299999999996,691.1700000000001,30.00000000000001,2025,June
ORD00045,2024-10-29 14:01:10.432967,Home Decor,West,Consumer,Dropship,Modern,Large,Delayed,9,42.88,Completed,True,USD,385.92,270.144,115.77600000000001,30.0,2024,October
ORD00046,2025-05-21 14:01:10.432971,Clothing,East,Consumer,FBA,Minimalist,Large,Delayed,14,127.46,Completed,True,USD,1784.4399999999998,1249.1079999999997,535.3320000000001,30.00000000000001,2025,May
ORD00047,2025-04-16 14:01:10.432975,Electronics,West,Small Business,FBA,Modern,Medium,Delayed,1,267.07,Completed,False,USD,267.07,186.94899999999998,80.12100000000001,30.000000000000004,2025,April
ORD00048,2025-04-19 14:01:10.432979,Beauty,East,Small Business,Merchant,Minimalist,Medium,In Transit,12,142.03,Completed,True,USD,1704.3600000000001,1193.052,511.3080000000002,30.00000000000001,2025,April
ORD00049,2024-10-30 14:01:10.432983,Books,South,Corporate,FBA,Minimalist,Medium,In Transit,8,31.21,Completed,False,USD,249.68,174.77599999999998,74.90400000000002,30.00000000000001,2024,October
ORD00050,2024-12-11 14:01:10.432986,Books,South,Small Business,Dropship,Classic,Small,Delayed,13,218.89,Completed,False,USD,2845.5699999999997,1991.8989999999997,853.671,30.000000000000004,2024,December
ORD00051,2024-09-25 14:01:10.432988,Clothing,South,Small Business,Dropship,Minimalist,Medium,Delivered,5,282.93,Completed,False,USD,1414.65,990.255,424.3950000000001,30.000000000000004,2024,September
ORD00052,2024-07-07 14:01:10.432991,Clothing,South,Small Business,Dropship,Classic,Small,In Transit,10,82.79,Completed,True,USD,827.9000000000001,579.53,248.37000000000012,30.00000000000001,2024,July
ORD00053,2025-06-05 14:01:10.432993,Electronics,West,Small Business,Merchant,Minimalist,Small,Delivered,1,224.57,Completed,False,USD,224.57,157.19899999999998,67.37100000000001,30.000000000000004,2025,June
ORD00054,2025-05-27 14:01:10.432995,Electronics,North,Small Business,FBA,Minimalist,Large,In Transit,5,274.41,Completed,True,USD,1372.0500000000002,960.4350000000001,411.6150000000001,30.000000000000004,2025,May
ORD00055,2025-05-02 14:01:10.432998,Electronics,North,Corporate,Dropship,Minimalist,Medium,In Transit,12,266.78,Completed,True,USD,3201.3599999999997,2240.9519999999998,960.4079999999999,30.0,2025,May
ORD00056,2025-03-06 14:01:10.433000,Clothing,West,Corporate,Merchant,Minimalist,Small,Delivered,2,274.8,Completed,False,USD,549.6,384.71999999999997,164.88000000000005,30.00000000000001,2025,March
ORD00057,2025-04-14 14:01:10.433003,Beauty,East,Small Business,FBA,Modern,Medium,Delayed,10,236.78,Completed,False,USD,2367.8,1657.46,710.3400000000001,30.000000000000004,2025,April
ORD00058,2025-02-09 14:01:10.433005,Books,South,Consumer,Merchant,Minimalist,Large,Delivered,7,222.97,Completed,False,USD,1560.79,1092.5529999999999,468.2370000000001,30.000000000000004,2025,February
ORD00059,2025-01-03 14:01:10.433008,Books,East,Corporate,FBA,Minimalist,Medium,In Transit,2,291.46,Completed,False,USD,582.92,408.0439999999999,174.87600000000003,30.00000000000001,2025,January
ORD00060,2024-07-23 14:01:10.433011,Beauty,North,Consumer,Merchant,Modern,Small,Delayed,9,255.4,Completed,False,USD,2298.6,1609.0199999999998,689.5800000000002,30.00000000000001,2024,July
ORD00061,2024-10-07 14:01:10.433013,Electronics,South,Corporate,Dropship,Modern,Small,In Transit,9,173.09,Completed,False,USD,1557.81,1090.4669999999999,467.3430000000001,30.000000000000004,2024,October
ORD00063,2025-06-16 14:01:10.433018,Books,South,Consumer,Merchant,Classic,Large,Delayed,6,37.96,Completed,False,USD,227.76,159.432,68.328,30.000000000000004,2025,June
ORD00064,2024-08-05 14:01:10.433021,Home Decor,North,Small Business,Merchant,Classic,Large,Delayed,4,99.67,Completed,False,USD,398.68,279.07599999999996,119.60400000000004,30.00000000000001,2024,August
ORD00065,2024-09-12 14:01:10.433023,Electronics,South,Corporate,Dropship,Classic,Large,Delayed,3,218.97,Completed,False,USD,656.91,459.83699999999993,197.07300000000004,30.000000000000004,2024,September
ORD00066,2024-09-23 14:01:10.433026,Books,South,Consumer,Merchant,Minimalist,Small,Delayed,5,213.89,Completed,False,USD,1069.4499999999998,748.6149999999998,320.83500000000004,30.00000000000001,2024,September
ORD00067,2024-09-16 14:01:10.433028,Electronics,North,Consumer,Merchant,Classic,Large,Delivered,11,60.84,Completed,True,USD,669.24,468.46799999999996,200.77200000000005,30.000000000000004,2024,September
ORD00068,2024-10-03 14:01:10.433030,Beauty,North,Consumer,Dropship,Classic,Medium,In Transit,14,159.79,Completed,False,USD,2237.06,1565.9419999999998,671.1180000000002,30.00000000000001,2024,October
ORD00069,2024-09-22 14:01:10.433033,Books,East,Consumer,Dropship,Classic,Medium,Delayed,12,94.21,Completed,False,USD,1130.52,791.3639999999999,339.15600000000006,30.000000000000004,2024,September
ORD00070,2025-06-19 14:01:10.433035,Electronics,West,Corporate,Merchant,Minimalist,Large,In Transit,6,60.56,Completed,False,USD,363.36,254.352,109.00800000000001,30.0,2025,June
ORD00071,2024-09-08 14:01:10.433038,Books,North,Consumer,Merchant,Classic,Small,Delayed,8,50.37,Completed,True,USD,402.96,282.07199999999995,120.88800000000003,30.00000000000001,2024,September
ORD00072,2025-05-10 14:01:10.433040,Electronics,South,Consumer,FBA,Modern,Small,In Transit,2,247.04,Completed,False,USD,494.08,345.856,148.224,30.0,2025,May
ORD00073,2025-02-12 14:01:10.433044,Electronics,North,Small Business,FBA,Classic,Medium,Delayed,5,248.78,Completed,False,USD,1243.9,870.73,373.1700000000001,30.000000000000004,2025,February
ORD00074,2024-08-08 14:01:10.433047,Books,East,Small Business,Merchant,Minimalist,Medium,Delayed,7,189.79,Completed,False,USD,1328.53,929.9709999999999,398.5590000000001,30.000000000000004,2024,August
ORD00075,2024-07-31 14:01:10.433049,Home Decor,North,Consumer,Merchant,Minimalist,Large,Delivered,10,150.69,Completed,False,USD,1506.9,1054.83,452.07000000000016,30.00000000000001,2024,July
ORD00076,2025-06-18 14:01:10.433051,Home Decor,West,Small Business,FBA,Modern,Small,Delayed,9,74.6,Completed,True,USD,671.4,469.97999999999996,201.42000000000002,30.000000000000004,2025,June
ORD00078,2025-02-07 14:01:10.433056,Books,North,Corporate,Merchant,Minimalist,Medium,Delivered,6,53.95,Completed,True,USD,323.70000000000005,226.59,97.11000000000004,30.00000000000001,2025,February
ORD00080,2024-09-16 14:01:10.433061,Electronics,North,Corporate,Merchant,Classic,Large,Delivered,8,266.35,Completed,True,USD,2130.8,1491.56,639.2400000000002,30.00000000000001,2024,September
ORD00081,2024-11-10 14:01:10.433064,Electronics,West,Corporate,FBA,Modern,Medium,Delayed,8,58.34,Completed,False,USD,466.72,326.704,140.01600000000002,30.000000000000004,2024,November
ORD00082,2024-12-24 14:01:10.433066,Beauty,South,Corporate,Merchant,Modern,Small,Delivered,5,187.17,Completed,False,USD,935.8499999999999,655.0949999999999,280.755,30.000000000000004,2024,December
ORD00083,2024-07-08 14:01:10.433068,Electronics,West,Small Business,FBA,Modern,Small,In Transit,4,178.18,Completed,False,USD,712.72,498.904,213.81600000000003,30.000000000000004,2024,July
ORD00084,2025-05-02 14:01:10.433071,Beauty,South,Small Business,Merchant,Minimalist,Large,In Transit,6,259.63,Completed,False,USD,1557.78,1090.446,467.33400000000006,30.000000000000004,2025,May
ORD00085,2024-08-07 14:01:10.433073,Books,South,Corporate,Dropship,Minimalist,Small,In Transit,3,240.06,Completed,False,USD,720.1800000000001,504.12600000000003,216.05400000000003,30.0,2024,August
ORD00086,2025-01-12 14:01:10.433076,Beauty,South,Consumer,FBA,Minimalist,Small,Delivered,7,125.84,Completed,False,USD,880.88,616.616,264.264,30.0,2025,January
ORD00087,2024-11-17 14:01:10.433078,Home Decor,South,Small Business,FBA,Minimalist,Small,Delivered,6,80.8,Completed,False,USD,484.79999999999995,339.35999999999996,145.44,30.000000000000004,2024,November
ORD00088,2025-03-26 14:01:10.433081,Electronics,East,Small Business,Dropship,Minimalist,Medium,Delivered,8,212.73,Completed,False,USD,1701.84,1191.2879999999998,510.55200000000013,30.00000000000001,2025,March
ORD00089,2024-10-11 14:01:10.433083,Books,East,Small Business,Merchant,Modern,Large,Delayed,13,200.02,Completed,False,USD,2600.26,1820.182,780.0780000000002,30.000000000000004,2024,October
ORD00090,2024-12-20 14:01:10.433086,Books,South,Consumer,Dropship,Modern,Medium,Delivered,14,104.1,Completed,False,USD,1457.3999999999999,1020.1799999999998,437.22,30.000000000000004,2024,December
ORD00091,2025-04-27 14:01:10.433088,Home Decor,West,Corporate,Merchant,Classic,Medium,In Transit,4,264.36,Completed,False,USD,1057.44,740.208,317.2320000000001,30.000000000000004,2025,April
ORD00092,2025-01-24 14:01:10.433091,Electronics,East,Small Business,FBA,Modern,Medium,In Transit,10,152.54,Completed,False,USD,1525.3999999999999,1067.7799999999997,457.6200000000001,30.00000000000001,2025,January
ORD00093,2025-03-07 14:01:10.433093,Electronics,West,Small Business,FBA,Classic,Large,Delivered,14,214.58,Completed,False,USD,3004.1200000000003,2102.884,901.2360000000003,30.00000000000001,2025,March
ORD00094,2024-07-05 14:01:10.433096,Books,West,Consumer,Merchant,Modern,Large,Delayed,11,157.55,Completed,False,USD,1733.0500000000002,1213.135,519.9150000000002,30.00000000000001,2024,July
ORD00095,2025-01-17 14:01:10.433098,Books,West,Corporate,Merchant,Minimalist,Large,Delivered,4,278.04,Completed,False,USD,1112.16,778.5120000000001,333.648,30.0,2025,January
ORD00096,2025-04-21 14:01:10.433100,Home Decor,South,Small Business,FBA,Modern,Large,Delayed,10,111.6,Completed,False,USD,1116.0,781.1999999999999,334.80000000000007,30.000000000000004,2025,April
ORD00098,2024-11-10 14:01:10.433107,Electronics,South,Consumer,Dropship,Modern,Small,Delayed,9,223.46,Completed,False,USD,2011.14,1407.798,603.3420000000001,30.000000000000004,2024,November
ORD00099,2024-09-16 14:01:10.433111,Books,South,Consumer,FBA,Classic,Small,Delivered,6,78.94,Completed,False,USD,473.64,331.54799999999994,142.09200000000004,30.00000000000001,2024,September
ORD00100,2025-01-20 14:01:10.433115,Beauty,East,Small Business,Dropship,Classic,Small,In Transit,9,299.9,Completed,False,USD,2699.1,1889.37,809.73,30.000000000000004,2025,January
ORD00101,2024-10-21 14:01:10.433119,Beauty,South,Consumer,Dropship,Modern,Large,Delayed,14,248.26,Completed,False,USD,3475.64,2432.948,1042.692,30.0,2024,October
ORD00102,2025-02-08 14:01:10.433123,Home Decor,South,Small Business,FBA,Classic,Large,Delivered,9,132.44,Completed,False,USD,1191.96,834.372,357.5880000000001,30.000000000000004,2025,February
ORD00103,2025-06-01 14:01:10.433126,Books,North,Corporate,Merchant,Minimalist,Large,Delivered,12,184.56,Completed,False,USD,2214.7200000000003,1550.304,664.4160000000002,30.000000000000004,2025,June
ORD00104,2024-11-24 14:01:10.433130,Clothing,South,Consumer,Merchant,Modern,Medium,Delayed,10,188.65,Completed,True,USD,1886.5,1320.55,565.95,30.000000000000004,2024,November
ORD00105,2025-03-13 14:01:10.433134,Clothing,West,Consumer,FBA,Classic,Medium,In Transit,9,279.36,Completed,True,USD,2514.2400000000002,1759.968,754.2720000000002,30.000000000000004,2025,March
ORD00106,2025-01-21 14:01:10.433138,Clothing,South,Consumer,Dropship,Classic,Medium,Delayed,13,259.01,Completed,False,USD,3367.13,2356.991,1010.1390000000001,30.000000000000004,2025,January
ORD00107,2024-07-27 14:01:10.433141,Beauty,North,Consumer,Dropship,Classic,Medium,In Transit,13,273.51,Completed,False,USD,3555.63,2488.941,1066.6890000000003,30.00000000000001,2024,July
ORD00108,2025-02-25 14:01:10.433144,Clothing,West,Consumer,Merchant,Minimalist,Small,Delayed,6,92.07,Completed,False,USD,552.42,386.69399999999996,165.726,30.000000000000004,2025,February
ORD00109,2024-09-18 14:01:10.433146,Books,East,Small Business,Dropship,Classic,Large,Delayed,11,231.21,Completed,False,USD,2543.31,1780.3169999999998,762.9930000000002,30.000000000000004,2024,September
ORD00110,2024-07-23 14:01:10.433149,Electronics,East,Corporate,FBA,Classic,Large,In Transit,9,218.53,Completed,True,USD,1966.77,1376.7389999999998,590.0310000000002,30.00000000000001,2024,July
ORD00111,2024-07-12 14:01:10.433151,Home Decor,West,Consumer,FBA,Modern,Medium,Delayed,11,135.57,Completed,False,USD,1491.27,1043.889,447.3810000000001,30.000000000000004,2024,July
ORD00112,2024-09-12 14:01:10.433154,Electronics,West,Consumer,Merchant,Classic,Medium,Delayed,2,115.48,Completed,True,USD,230.96,161.672,69.28800000000001,30.000000000000004,2024,September
ORD00113,2025-06-07 14:01:10.433156,Home Decor,South,Corporate,Dropship,Modern,Small,In Transit,10,243.59,Completed,False,USD,2435.9,1705.1299999999999,730.7700000000002,30.00000000000001,2025,June
ORD00114,2025-03-11 14:01:10.433158,Electronics,East,Corporate,Dropship,Minimalist,Medium,In Transit,13,238.11,Completed,False,USD,3095.4300000000003,2166.801,928.6290000000004,30.00000000000001,2025,March
ORD00115,2025-03-06 14:01:10.433161,Electronics,South,Consumer,FBA,Classic,Large,Delivered,10,72.95,Completed,True,USD,729.5,510.65,218.85000000000002,30.000000000000004,2025,March
ORD00116,2025-03-22 14:01:10.433163,Clothing,East,Corporate,Merchant,Classic,Small,Delivered,1,131.53,Completed,False,USD,131.53,92.071,39.459,30.000000000000004,2025,March
ORD00117,2024-11-23 14:01:10.433165,Beauty,North,Small Business,Dropship,Minimalist,Small,In Transit,13,75.25,Completed,True,USD,978.25,684.775,293.475,30.000000000000004,2024,November
ORD00118,2024-08-01 14:01:10.433168,Home Decor,East,Small Business,FBA,Modern,Large,Delayed,9,33.91,Completed,False,USD,305.18999999999994,213.63299999999995,91.55699999999999,30.000000000000004,2024,August
ORD00119,2025-05-25 14:01:10.433170,Books,South,Small Business,FBA,Modern,Medium,In Transit,11,142.13,Completed,True,USD,1563.4299999999998,1094.4009999999998,469.029,30.000000000000004,2025,May
ORD00120,2024-12-23 14:01:10.433172,Home Decor,South,Consumer,Merchant,Minimalist,Medium,Delayed,7,93.33,Completed,False,USD,653.31,457.31699999999995,195.993,30.000000000000004,2024,December
ORD00121,2024-08-26 14:01:10.433175,Clothing,South,Corporate,Merchant,Minimalist,Small,Delayed,13,294.19,Completed,False,USD,3824.47,2677.129,1147.341,30.0,2024,August
ORD00122,2025-02-21 14:01:10.433177,Clothing,South,Consumer,Dropship,Minimalist,Small,Delivered,7,286.83,Completed,False,USD,2007.81,1405.4669999999999,602.3430000000001,30.000000000000004,2025,February
ORD00123,2024-07-01 14:01:10.433179,Home Decor,North,Corporate,Dropship,Minimalist,Large,Delayed,4,274.76,Completed,False,USD,1099.04,769.328,329.712,30.0,2024,July
ORD00124,2024-08-28 14:01:10.433182,Clothing,South,Corporate,FBA,Modern,Small,In Transit,3,207.24,Completed,False,USD,621.72,435.204,186.51600000000002,30.000000000000004,2024,August
ORD00125,2025-01-26 14:01:10.433184,Home Decor,South,Small Business,Dropship,Classic,Medium,In Transit,3,166.68,Completed,False,USD,500.04,350.028,150.012,30.0,2025,January
ORD00126,2025-04-11 14:01:10.433186,Beauty,West,Small Business,Merchant,Modern,Medium,Delivered,2,255.8,Completed,True,USD,511.6,358.12,153.48000000000002,30.000000000000004,2025,April
ORD00127,2024-06-30 14:01:10.433189,Home Decor,East,Consumer,Dropship,Modern,Small,In Transit,8,131.17,Completed,False,USD,1049.36,734.5519999999999,314.808,30.000000000000004,2024,June
ORD00128,2024-08-17 14:01:10.433191,Electronics,North,Small Business,FBA,Modern,Small,Delivered,9,143.51,Completed,True,USD,1291.59,904.1129999999998,387.4770000000001,30.00000000000001,2024,August
ORD00129,2025-02-08 14:01:10.433194,Electronics,West,Corporate,FBA,Modern,Large,Delayed,7,143.1,Completed,False,USD,1001.6999999999999,701.1899999999999,300.51,30.0,2025,February
ORD00131,2025-02-09 14:01:10.433199,Clothing,East,Consumer,FBA,Classic,Medium,In Transit,10,292.58,Completed,True,USD,2925.7999999999997,2048.0599999999995,877.7400000000002,30.00000000000001,2025,February
ORD00132,2024-07-19 14:01:10.433201,Electronics,North,Consumer,Merchant,Classic,Medium,Delayed,12,287.94,Completed,True,USD,3455.2799999999997,2418.6959999999995,1036.5840000000003,30.00000000000001,2024,July
ORD00133,2025-02-23 14:01:10.433203,Home Decor,West,Consumer,Merchant,Modern,Large,Delivered,3,40.64,Completed,False,USD,121.92,85.344,36.57600000000001,30.000000000000004,2025,February
ORD00134,2024-08-03 14:01:10.433206,Home Decor,North,Small Business,Dropship,Minimalist,Small,In Transit,6,116.27,Completed,False,USD,697.62,488.33399999999995,209.28600000000006,30.00000000000001,2024,August
ORD00135,2025-05-21 14:01:10.433208,Electronics,West,Corporate,Merchant,Modern,Large,Delayed,2,269.6,Completed,True,USD,539.2,377.44,161.76000000000005,30.000000000000004,2025,May
ORD00136,2025-04-26 14:01:10.433211,Home Decor,West,Corporate,FBA,Modern,Small,Delivered,7,280.46,Completed,False,USD,1963.2199999999998,1374.2539999999997,588.9660000000001,30.00000000000001,2025,April
ORD00137,2025-05-24 14:01:10.433213,Home Decor,East,Small Business,FBA,Minimalist,Small,Delivered,7,209.13,Completed,False,USD,1463.9099999999999,1024.7369999999999,439.173,30.000000000000004,2025,May
ORD00138,2024-07-01 14:01:10.433215,Electronics,East,Small Business,Merchant,Minimalist,Medium,Delayed,14,215.85,Completed,True,USD,3021.9,2115.33,906.5700000000002,30.000000000000004,2024,July
ORD00139,2025-06-05 14:01:10.433218,Beauty,West,Consumer,FBA,Classic,Medium,In Transit,10,130.47,Completed,False,USD,1304.7,913.29,391.4100000000001,30.000000000000004,2025,June
ORD00140,2024-07-31 14:01:10.433220,Books,West,Small Business,Merchant,Classic,Large,Delayed,9,50.23,Completed,True,USD,452.07,316.44899999999996,135.62100000000004,30.00000000000001,2024,July
ORD00141,2024-07-13 14:01:10.433222,Clothing,West,Consumer,Dropship,Classic,Large,In Transit,9,41.99,Completed,False,USD,377.91,264.537,113.37300000000005,30.00000000000001,2024,July
ORD00142,2024-08-23 14:01:10.433225,Home Decor,East,Consumer,FBA,Classic,Small,Delivered,12,134.97,Completed,False,USD,1619.6399999999999,1133.7479999999998,485.89200000000005,30.000000000000004,2024,August
ORD00143,2025-05-23 14:01:10.433227,Beauty,East,Consumer,Merchant,Minimalist,Large,In Transit,6,23.22,Completed,True,USD,139.32,97.52399999999999,41.79600000000001,30.000000000000004,2025,May
ORD00144,2025-06-08 14:01:10.433230,Clothing,East,Consumer,Merchant,Modern,Medium,Delivered,13,56.35,Completed,True,USD,732.5500000000001,512.785,219.7650000000001,30.00000000000001,2025,June
ORD00145,2025-02-23 14:01:10.433232,Electronics,North,Corporate,Merchant,Modern,Small,Delayed,6,85.38,Completed,False,USD,512.28,358.59599999999995,153.68400000000003,30.000000000000004,2025,February
ORD00146,2024-08-19 14:01:10.433234,Beauty,West,Small Business,Merchant,Minimalist,Large,Delivered,12,277.05,Completed,True,USD,3324.6000000000004,2327.2200000000003,997.3800000000001,30.0,2024,August
ORD00147,2024-12-29 14:01:10.433237,Clothing,West,Small Business,FBA,Classic,Small,Delayed,11,69.06,Completed,False,USD,759.6600000000001,531.7620000000001,227.89800000000002,30.0,2024,December
ORD00148,2024-11-16 14:01:10.433239,Electronics,East,Consumer,FBA,Modern,Medium,In Transit,1,32.59,Completed,False,USD,32.59,22.813000000000002,9.777000000000001,30.0,2024,November
ORD00149,2025-01-04 14:01:10.433242,Beauty,West,Corporate,FBA,Minimalist,Medium,In Transit,7,142.81,Completed,False,USD,999.6700000000001,699.769,299.90100000000007,30.000000000000004,2025,January
ORD00150,2024-08-16 14:01:10.433245,Electronics,South,Consumer,Merchant,Classic,Large,In Transit,14,273.96,Completed,False,USD,3835.4399999999996,2684.8079999999995,1150.632,30.000000000000004,2024,August
ORD00151,2024-10-21 14:01:10.433247,Books,South,Consumer,Dropship,Classic,Large,Delayed,12,34.21,Completed,False,USD,410.52,287.364,123.156,30.000000000000004,2024,October
ORD00152,2024-10-29 14:01:10.433250,Beauty,North,Consumer,FBA,Modern,Small,In Transit,1,175.57,Completed,False,USD,175.57,122.89899999999999,52.67100000000001,30.000000000000004,2024,October
ORD00153,2025-01-29 14:01:10.433252,Home Decor,North,Consumer,Dropship,Minimalist,Large,Delayed,3,291.32,Completed,False,USD,873.96,611.7719999999999,262.1880000000001,30.00000000000001,2025,January
ORD00154,2025-02-05 14:01:10.433254,Home Decor,West,Corporate,Dropship,Classic,Small,Delayed,1,22.02,Completed,False,USD,22.02,15.413999999999998,6.606000000000002,30.00000000000001,2025,February
ORD00155,2025-02-18 14:01:10.433257,Books,East,Corporate,Merchant,Classic,Small,Delayed,1,239.66,Completed,False,USD,239.66,167.762,71.898,30.0,2025,February
ORD00156,2024-07-05 14:01:10.433259,Home Decor,South,Corporate,Dropship,Modern,Small,Delivered,14,139.18,Completed,False,USD,1948.52,1363.964,584.556,30.000000000000004,2024,July
ORD00157,2024-10-01 14:01:10.433262,Books,North,Corporate,Dropship,Classic,Large,Delivered,8,232.87,Completed,False,USD,1862.96,1304.072,558.8880000000001,30.00000000000001,2024,October
ORD00158,2025-04-24 14:01:10.433264,Beauty,North,Small Business,Merchant,Classic,Medium,In Transit,14,87.54,Completed,False,USD,1225.5600000000002,857.892,367.6680000000001,30.000000000000004,2025,April
ORD00160,2024-10-01 14:01:10.433269,Home Decor,West,Consumer,Merchant,Classic,Medium,In Transit,4,245.45,Completed,True,USD,981.8,687.2599999999999,294.5400000000001,30.00000000000001,2024,October
ORD00161,2024-11-02 14:01:10.433272,Clothing,East,Corporate,Merchant,Modern,Large,Delivered,2,90.95,Completed,False,USD,181.9,127.33,54.57000000000001,30.000000000000004,2024,November
ORD00162,2025-04-10 14:01:10.433274,Books,West,Consumer,Merchant,Modern,Large,Delivered,5,258.85,Completed,True,USD,1294.25,905.9749999999999,388.2750000000001,30.000000000000004,2025,April
ORD00163,2025-04-05 14:01:10.433276,Electronics,East,Corporate,Dropship,Modern,Medium,Delayed,9,37.32,Completed,False,USD,335.88,235.11599999999999,100.76400000000001,30.000000000000004,2025,April
ORD00164,2025-04-15 14:01:10.433279,Beauty,South,Consumer,Dropship,Modern,Small,Delivered,12,243.07,Completed,True,USD,2916.84,2041.788,875.0520000000001,30.000000000000004,2025,April
ORD00166,2025-01-16 14:01:10.433284,Home Decor,South,Consumer,Dropship,Modern,Small,Delivered,9,78.92,Completed,True,USD,710.28,497.19599999999997,213.084,30.0,2025,January
ORD00167,2025-03-10 14:01:10.433286,Beauty,South,Small Business,Dropship,Modern,Small,Delivered,5,133.67,Completed,True,USD,668.3499999999999,467.8449999999999,200.505,30.000000000000004,2025,March
ORD00168,2025-06-18 14:01:10.433289,Clothing,North,Corporate,Merchant,Minimalist,Medium,In Transit,6,177.76,Completed,False,USD,1066.56,746.5919999999999,319.9680000000001,30.00000000000001,2025,June
ORD00170,2024-07-03 14:01:10.433293,Home Decor,North,Consumer,FBA,Classic,Medium,Delayed,10,214.09,Completed,False,USD,2140.9,1498.6299999999999,642.2700000000002,30.00000000000001,2024,July
ORD00171,2024-12-26 14:01:10.433296,Books,West,Corporate,Merchant,Modern,Medium,Delivered,6,180.03,Completed,True,USD,1080.18,756.126,324.0540000000001,30.000000000000004,2024,December
ORD00172,2025-01-28 14:01:10.433298,Clothing,East,Consumer,FBA,Classic,Small,Delivered,6,32.78,Completed,True,USD,196.68,137.676,59.00400000000002,30.00000000000001,2025,January
ORD00174,2024-10-28 14:01:10.433303,Clothing,South,Corporate,FBA,Classic,Small,Delayed,14,111.58,Completed,False,USD,1562.12,1093.484,468.63599999999997,30.0,2024,October
ORD00175,2025-06-12 14:01:10.433306,Books,North,Consumer,FBA,Modern,Medium,Delivered,13,215.63,Completed,False,USD,2803.19,1962.233,840.9570000000001,30.000000000000004,2025,June
ORD00176,2024-07-13 14:01:10.433308,Books,West,Consumer,Dropship,Modern,Medium,Delivered,7,137.44,Completed,False,USD,962.0799999999999,673.4559999999999,288.624,30.000000000000004,2024,July
ORD00177,2025-06-05 14:01:10.433311,Electronics,North,Corporate,Merchant,Minimalist,Small,Delayed,1,232.78,Completed,False,USD,232.78,162.946,69.834,30.0,2025,June
ORD00178,2025-02-09 14:01:10.433313,Clothing,East,Small Business,Dropship,Classic,Medium,Delivered,10,104.74,Completed,False,USD,1047.3999999999999,733.1799999999998,314.22,30.000000000000004,2025,February
ORD00179,2025-01-30 14:01:10.433315,Books,East,Consumer,FBA,Modern,Small,Delayed,6,21.06,Completed,False,USD,126.35999999999999,88.45199999999998,37.908,30.000000000000004,2025,January
ORD00180,2024-12-08 14:01:10.433318,Home Decor,East,Corporate,FBA,Classic,Medium,Delivered,4,281.46,Completed,True,USD,1125.84,788.0879999999999,337.75200000000007,30.00000000000001,2024,December
ORD00181,2024-10-21 14:01:10.433322,Clothing,South,Small Business,FBA,Minimalist,Medium,Delayed,14,122.98,Completed,False,USD,1721.72,1205.204,516.5160000000001,30.000000000000004,2024,October
ORD00183,2024-08-15 14:01:10.433331,Electronics,South,Consumer,FBA,Classic,Large,Delayed,3,240.57,Completed,False,USD,721.71,505.197,216.51300000000003,30.000000000000004,2024,August
ORD00184,2025-04-19 14:01:10.433334,Beauty,South,Small Business,Dropship,Classic,Large,Delayed,8,27.03,Completed,False,USD,216.24,151.368,64.87200000000001,30.000000000000004,2025,April
ORD00185,2024-10-26 14:01:10.433338,Clothing,South,Consumer,Dropship,Modern,Small,In Transit,10,189.27,Completed,False,USD,1892.7,1324.8899999999999,567.8100000000002,30.00000000000001,2024,October
ORD00187,2024-10-30 14:01:10.433346,Electronics,East,Consumer,Merchant,Minimalist,Large,Delayed,14,48.39,Completed,True,USD,677.46,474.222,203.23800000000006,30.000000000000004,2024,October
ORD00189,2024-07-03 14:01:10.433354,Electronics,East,Consumer,FBA,Modern,Small,Delayed,8,79.18,Completed,False,USD,633.44,443.408,190.03200000000004,30.000000000000004,2024,July
ORD00190,2025-03-28 14:01:10.433358,Clothing,West,Small Business,Dropship,Modern,Small,In Transit,7,210.09,Completed,False,USD,1470.63,1029.441,441.1890000000001,30.000000000000004,2025,March
ORD00191,2025-01-28 14:01:10.433363,Beauty,East,Corporate,Dropship,Modern,Medium,Delayed,10,175.44,Completed,False,USD,1754.4,1228.08,526.3200000000002,30.00000000000001,2025,January
ORD00192,2025-05-12 14:01:10.433366,Electronics,North,Small Business,FBA,Classic,Small,Delayed,2,204.47,Completed,False,USD,408.94,286.258,122.68200000000002,30.000000000000004,2025,May
ORD00193,2024-12-29 14:01:10.433368,Electronics,East,Consumer,FBA,Classic,Small,Delivered,7,77.37,Completed,False,USD,541.59,379.113,162.47700000000003,30.000000000000004,2024,December
ORD00194,2024-10-12 14:01:10.433370,Home Decor,South,Corporate,Dropship,Classic,Medium,Delivered,4,213.89,Completed,False,USD,855.56,598.8919999999999,256.668,30.000000000000004,2024,October
ORD00195,2024-07-22 14:01:10.433373,Home Decor,South,Consumer,Merchant,Classic,Medium,Delivered,3,203.23,Completed,False,USD,609.6899999999999,426.78299999999996,182.90699999999998,30.0,2024,July
ORD00196,2024-11-22 14:01:10.433375,Electronics,South,Consumer,FBA,Modern,Medium,Delayed,10,227.55,Completed,False,USD,2275.5,1592.85,682.6500000000001,30.000000000000004,2024,November
ORD00197,2024-12-08 14:01:10.433378,Beauty,West,Corporate,Merchant,Minimalist,Medium,Delayed,2,125.44,Completed,False,USD,250.88,175.61599999999999,75.26400000000001,30.000000000000004,2024,December
ORD00198,2025-01-23 14:01:10.433380,Books,South,Consumer,FBA,Modern,Large,Delivered,12,108.19,Completed,True,USD,1298.28,908.7959999999999,389.48400000000004,30.000000000000004,2025,January
ORD00199,2025-04-04 14:01:10.433383,Home Decor,North,Corporate,Merchant,Modern,Small,In Transit,10,276.83,Completed,False,USD,2768.2999999999997,1937.8099999999997,830.49,30.000000000000004,2025,April
ORD00200,2025-02-21 14:01:10.433385,Electronics,North,Small Business,Merchant,Modern,Large,Delivered,12,238.06,Completed,False,USD,2856.7200000000003,1999.704,857.0160000000003,30.00000000000001,2025,February
ORD00201,2025-05-12 14:01:10.433387,Home Decor,North,Corporate,FBA,Classic,Small,Delayed,10,148.22,Completed,False,USD,1482.2,1037.54,444.6600000000001,30.000000000000004,2025,May
ORD00202,2024-07-30 14:01:10.433390,Beauty,East,Corporate,FBA,Classic,Small,Delayed,1,222.69,Completed,False,USD,222.69,155.88299999999998,66.80700000000002,30.00000000000001,2024,July
ORD00203,2025-02-26 14:01:10.433393,Books,West,Small Business,FBA,Classic,Small,In Transit,11,190.35,Completed,False,USD,2093.85,1465.695,628.155,30.0,2025,February
ORD00204,2025-06-05 14:01:10.433395,Home Decor,East,Consumer,FBA,Modern,Medium,In Transit,5,269.75,Completed,False,USD,1348.75,944.1249999999999,404.6250000000001,30.00000000000001,2025,June
ORD00205,2024-12-04 14:01:10.433397,Electronics,North,Small Business,Merchant,Modern,Large,Delivered,2,170.16,Completed,False,USD,340.32,238.224,102.096,30.000000000000004,2024,December
ORD00206,2024-10-22 14:01:10.433399,Electronics,South,Consumer,Merchant,Modern,Large,Delayed,3,85.34,Completed,False,USD,256.02,179.21399999999997,76.80600000000001,30.000000000000004,2024,October
ORD00207,2025-02-02 14:01:10.433402,Books,West,Corporate,FBA,Minimalist,Small,In Transit,2,251.91,Completed,False,USD,503.82,352.674,151.14600000000002,30.000000000000004,2025,February
ORD00208,2025-06-23 14:01:10.433404,Electronics,North,Small Business,Dropship,Classic,Large,Delayed,13,96.53,Completed,False,USD,1254.89,878.423,376.4670000000001,30.000000000000004,2025,June
ORD00209,2024-07-09 14:01:10.433407,Clothing,West,Small Business,FBA,Modern,Small,Delivered,4,28.66,Completed,False,USD,114.64,80.24799999999999,34.39200000000001,30.00000000000001,2024,July
ORD00210,2024-11-27 14:01:10.433409,Books,North,Small Business,Merchant,Modern,Medium,In Transit,14,268.34,Completed,False,USD,3756.7599999999998,2629.7319999999995,1127.0280000000002,30.00000000000001,2024,November
ORD00211,2025-04-30 14:01:10.433412,Home Decor,East,Small Business,Dropship,Classic,Small,Delivered,10,182.95,Completed,True,USD,1829.5,1280.6499999999999,548.8500000000001,30.00000000000001,2025,April
ORD00212,2024-11-13 14:01:10.433415,Home Decor,West,Consumer,Merchant,Classic,Large,In Transit,5,34.11,Completed,True,USD,170.55,119.385,51.165000000000006,30.000000000000004,2024,November
ORD00213,2024-11-20 14:01:10.433419,Electronics,South,Consumer,Dropship,Minimalist,Large,Delayed,11,76.46,Completed,False,USD,841.06,588.742,252.31799999999998,30.0,2024,November
ORD00214,2024-08-16 14:01:10.433423,Books,East,Consumer,Merchant,Classic,Medium,Delayed,8,190.33,Completed,False,USD,1522.64,1065.848,456.79200000000014,30.00000000000001,2024,August
ORD00215,2025-01-21 14:01:10.433428,Clothing,South,Small Business,FBA,Classic,Large,Delivered,13,26.66,Completed,False,USD,346.58,242.60599999999997,103.97400000000002,30.000000000000004,2025,January
ORD00216,2025-04-03 14:01:10.433432,Home Decor,West,Consumer,FBA,Modern,Medium,Delivered,14,55.1,Completed,False,USD,771.4,539.9799999999999,231.42000000000007,30.00000000000001,2025,April
ORD00217,2024-08-22 14:01:10.433436,Home Decor,North,Corporate,Dropship,Classic,Medium,Delayed,1,257.67,Completed,False,USD,257.67,180.369,77.30100000000002,30.000000000000004,2024,August
ORD00218,2025-01-05 14:01:10.433438,Books,West,Consumer,FBA,Classic,Medium,Delayed,13,252.64,Completed,False,USD,3284.3199999999997,2299.0239999999994,985.2960000000003,30.00000000000001,2025,January
ORD00219,2024-12-01 14:01:10.433441,Home Decor,North,Corporate,Merchant,Minimalist,Medium,Delivered,10,58.46,Completed,False,USD,584.6,409.21999999999997,175.38000000000005,30.00000000000001,2024,December
ORD00220,2025-06-10 14:01:10.433443,Clothing,North,Consumer,Dropship,Modern,Large,Delayed,14,277.26,Completed,False,USD,3881.64,2717.1479999999997,1164.4920000000002,30.000000000000004,2025,June
ORD00221,2024-10-10 14:01:10.433445,Books,North,Corporate,Dropship,Modern,Medium,Delayed,4,95.97,Completed,False,USD,383.88,268.716,115.16399999999999,30.0,2024,October
ORD00222,2024-12-03 14:01:10.433448,Books,North,Small Business,FBA,Minimalist,Medium,Delivered,3,52.69,Completed,False,USD,158.07,110.64899999999999,47.42100000000001,30.000000000000004,2024,December
ORD00223,2025-01-06 14:01:10.433450,Electronics,West,Consumer,Merchant,Classic,Small,Delayed,14,147.7,Completed,False,USD,2067.7999999999997,1447.4599999999998,620.3399999999999,30.0,2025,January
ORD00225,2025-03-18 14:01:10.433455,Clothing,South,Small Business,Merchant,Minimalist,Medium,In Transit,6,61.6,Completed,False,USD,369.6,258.72,110.88,30.0,2025,March
ORD00226,2025-02-19 14:01:10.433457,Books,East,Small Business,Dropship,Minimalist,Medium,In Transit,1,248.65,Completed,False,USD,248.65,174.055,74.595,30.0,2025,February
ORD00227,2025-05-20 14:01:10.433460,Home Decor,North,Consumer,FBA,Classic,Large,In Transit,14,212.29,Completed,False,USD,2972.06,2080.442,891.6179999999999,30.0,2025,May
ORD00228,2025-04-15 14:01:10.433462,Books,South,Small Business,FBA,Classic,Medium,Delivered,10,259.12,Completed,True,USD,2591.2,1813.8399999999997,777.3600000000001,30.000000000000004,2025,April
ORD00229,2024-12-02 14:01:10.433464,Books,North,Consumer,FBA,Minimalist,Large,Delayed,13,132.54,Completed,False,USD,1723.02,1206.1139999999998,516.9060000000002,30.00000000000001,2024,December
ORD00230,2025-02-03 14:01:10.433466,Books,East,Corporate,FBA,Minimalist,Small,Delivered,5,290.7,Completed,False,USD,1453.5,1017.4499999999999,436.05000000000007,30.000000000000004,2025,February
ORD00231,2024-08-23 14:01:10.433469,Electronics,West,Small Business,Merchant,Modern,Large,Delayed,14,226.93,Completed,False,USD,3177.02,2223.9139999999998,953.1060000000002,30.000000000000004,2024,August
ORD00233,2025-03-24 14:01:10.433474,Home Decor,East,Corporate,FBA,Minimalist,Medium,In Transit,2,156.53,Completed,False,USD,313.06,219.142,93.918,30.000000000000004,2025,March
ORD00234,2025-03-17 14:01:10.433477,Clothing,North,Small Business,FBA,Classic,Large,Delivered,12,44.85,Completed,False,USD,538.2,376.74,161.46000000000004,30.000000000000004,2025,March
ORD00235,2024-10-18 14:01:10.433479,Clothing,East,Small Business,Dropship,Modern,Small,Delayed,12,97.77,Completed,False,USD,1173.24,821.2679999999999,351.9720000000001,30.00000000000001,2024,October
ORD00236,2024-10-30 14:01:10.433482,Books,East,Consumer,Dropship,Classic,Medium,Delivered,7,109.4,Completed,False,USD,765.8000000000001,536.0600000000001,229.74,30.0,2024,October
ORD00237,2025-01-12 14:01:10.433484,Beauty,South,Consumer,FBA,Modern,Small,In Transit,7,206.41,Completed,True,USD,1444.87,1011.4089999999999,433.461,30.000000000000004,2025,January
ORD00238,2025-04-12 14:01:10.433486,Beauty,East,Consumer,FBA,Modern,Medium,Delayed,4,190.41,Completed,True,USD,761.64,533.1479999999999,228.49200000000008,30.00000000000001,2025,April
ORD00239,2024-08-11 14:01:10.433489,Home Decor,South,Consumer,Dropship,Modern,Medium,Delayed,11,188.65,Completed,True,USD,2075.15,1452.605,622.5450000000001,30.000000000000004,2024,August
ORD00240,2025-02-17 14:01:10.433491,Books,East,Consumer,Merchant,Minimalist,Small,In Transit,1,206.32,Completed,False,USD,206.32,144.42399999999998,61.896000000000015,30.00000000000001,2025,February
ORD00241,2025-05-21 14:01:10.433494,Books,South,Consumer,FBA,Minimalist,Small,Delivered,2,115.52,Completed,False,USD,231.04,161.72799999999998,69.31200000000001,30.000000000000004,2025,May
ORD00242,2024-10-21 14:01:10.433496,Clothing,East,Corporate,Merchant,Modern,Small,Delivered,2,80.04,Completed,False,USD,160.08,112.056,48.024000000000015,30.000000000000004,2024,October
ORD00243,2025-01-31 14:01:10.433498,Home Decor,East,Corporate,FBA,Minimalist,Large,Delayed,7,108.61,Completed,True,USD,760.27,532.189,228.08100000000002,30.000000000000004,2025,January
ORD00244,2025-03-12 14:01:10.433501,Books,South,Corporate,Merchant,Modern,Large,Delayed,3,250.72,Completed,False,USD,752.16,526.512,225.64800000000002,30.000000000000004,2025,March
ORD00245,2024-11-29 14:01:10.433503,Beauty,East,Small Business,FBA,Classic,Medium,Delayed,10,289.72,Completed,False,USD,2897.2000000000003,2028.04,869.1600000000003,30.00000000000001,2024,November
ORD00246,2024-07-30 14:01:10.433505,Books,North,Corporate,Dropship,Modern,Large,Delivered,14,256.97,Completed,False,USD,3597.5800000000004,2518.306,1079.2740000000003,30.000000000000004,2024,July
ORD00247,2024-10-04 14:01:10.433508,Books,West,Corporate,Dropship,Minimalist,Small,Delayed,14,267.22,Completed,True,USD,3741.0800000000004,2618.7560000000003,1122.324,30.0,2024,October
ORD00248,2024-08-19 14:01:10.433510,Home Decor,West,Consumer,FBA,Minimalist,Medium,Delivered,7,271.29,Completed,False,USD,1899.0300000000002,1329.3210000000001,569.7090000000001,30.0,2024,August
ORD00249,2025-04-01 14:01:10.433512,Beauty,North,Small Business,FBA,Minimalist,Large,Delayed,7,89.25,Completed,False,USD,624.75,437.325,187.425,30.000000000000004,2025,April
ORD00250,2024-09-13 14:01:10.433515,Electronics,South,Small Business,FBA,Classic,Large,Delayed,5,104.5,Completed,False,USD,522.5,365.75,156.75,30.0,2024,September
ORD00251,2025-02-10 14:01:10.433517,Beauty,South,Corporate,Dropship,Modern,Small,Delayed,6,172.64,Completed,False,USD,1035.84,725.0879999999999,310.75200000000007,30.00000000000001,2025,February
ORD00252,2024-08-27 14:01:10.433520,Clothing,North,Consumer,FBA,Classic,Large,Delivered,2,216.1,Completed,False,USD,432.2,302.53999999999996,129.66000000000003,30.000000000000004,2024,August
ORD00253,2024-08-04 14:01:10.433522,Clothing,East,Corporate,Dropship,Modern,Small,In Transit,1,114.8,Completed,False,USD,114.8,80.36,34.44,30.0,2024,August
ORD00254,2025-02-19 14:01:10.433524,Books,North,Consumer,Merchant,Modern,Medium,Delivered,13,36.72,Completed,False,USD,477.36,334.152,143.20800000000003,30.000000000000004,2025,February
ORD00255,2025-06-21 14:01:10.433527,Electronics,West,Small Business,Merchant,Modern,Small,Delayed,13,275.16,Completed,True,USD,3577.0800000000004,2503.956,1073.1240000000003,30.000000000000004,2025,June
ORD00256,2025-03-21 14:01:10.433529,Electronics,West,Corporate,Dropship,Classic,Small,Delivered,12,55.34,Completed,False,USD,664.08,464.856,199.22400000000005,30.000000000000004,2025,March
ORD00257,2024-09-27 14:01:10.433532,Clothing,West,Corporate,FBA,Classic,Small,In Transit,7,28.76,Completed,False,USD,201.32000000000002,140.924,60.396000000000015,30.000000000000004,2024,September
ORD00258,2025-03-15 14:01:10.433534,Home Decor,West,Small Business,FBA,Classic,Medium,In Transit,8,251.08,Completed,False,USD,2008.64,1406.048,602.5920000000001,30.000000000000004,2025,March
ORD00259,2024-10-18 14:01:10.433537,Books,South,Small Business,Dropship,Classic,Medium,Delivered,14,48.95,Completed,False,USD,685.3000000000001,479.71000000000004,205.59000000000003,30.0,2024,October
ORD00260,2025-03-01 14:01:10.433539,Electronics,South,Small Business,Merchant,Minimalist,Large,Delivered,5,208.79,Completed,False,USD,1043.95,730.765,313.18500000000006,30.000000000000004,2025,March
ORD00261,2025-03-22 14:01:10.433541,Home Decor,East,Consumer,Merchant,Modern,Large,In Transit,5,175.82,Completed,False,USD,879.0999999999999,615.3699999999999,263.73,30.000000000000004,2025,March
ORD00262,2025-03-26 14:01:10.433543,Electronics,North,Corporate,Merchant,Minimalist,Medium,Delivered,5,119.92,Completed,False,USD,599.6,419.71999999999997,179.88000000000005,30.00000000000001,2025,March
ORD00263,2024-12-23 14:01:10.433546,Beauty,South,Small Business,Dropship,Modern,Medium,In Transit,4,291.52,Completed,False,USD,1166.08,816.2559999999999,349.82400000000007,30.00000000000001,2024,December
ORD00264,2024-07-30 14:01:10.433548,Clothing,North,Corporate,Dropship,Classic,Small,In Transit,3,32.34,Completed,False,USD,97.02000000000001,67.914,29.10600000000001,30.000000000000004,2024,July
ORD00266,2025-03-13 14:01:10.433553,Electronics,East,Small Business,FBA,Classic,Small,Delivered,8,70.03,Completed,True,USD,560.24,392.168,168.072,30.0,2025,March
ORD00267,2025-06-12 14:01:10.433555,Books,South,Corporate,Dropship,Minimalist,Large,Delivered,5,81.03,Completed,False,USD,405.15,283.60499999999996,121.54500000000002,30.000000000000004,2025,June
ORD00268,2025-04-13 14:01:10.433558,Clothing,South,Consumer,Dropship,Minimalist,Medium,Delivered,5,41.09,Completed,False,USD,205.45000000000002,143.815,61.63500000000002,30.000000000000004,2025,April
ORD00269,2025-03-10 14:01:10.433560,Electronics,East,Corporate,FBA,Classic,Small,Delayed,2,126.74,Completed,True,USD,253.48,177.43599999999998,76.04400000000001,30.000000000000004,2025,March
ORD00270,2024-12-25 14:01:10.433563,Books,East,Small Business,Merchant,Modern,Large,In Transit,11,43.88,Completed,True,USD,482.68,337.876,144.80400000000003,30.000000000000004,2024,December
ORD00271,2025-06-25 14:01:10.433565,Beauty,West,Consumer,Dropship,Modern,Small,Delivered,6,195.94,Completed,True,USD,1175.6399999999999,822.9479999999999,352.692,30.000000000000004,2025,June
ORD00272,2024-11-25 14:01:10.433568,Books,East,Small Business,Dropship,Modern,Small,Delivered,9,48.91,Completed,False,USD,440.18999999999994,308.1329999999999,132.05700000000002,30.00000000000001,2024,November
ORD00273,2025-05-08 14:01:10.433570,Electronics,North,Consumer,Dropship,Modern,Small,In Transit,3,159.48,Completed,False,USD,478.43999999999994,334.90799999999996,143.53199999999998,30.0,2025,May
ORD00274,2024-07-10 14:01:10.433572,Home Decor,East,Consumer,Merchant,Modern,Small,Delayed,7,86.12,Completed,True,USD,602.84,421.988,180.85200000000003,30.000000000000004,2024,July
ORD00275,2024-11-11 14:01:10.433575,Books,North,Corporate,FBA,Classic,Large,Delivered,8,189.26,Completed,False,USD,1514.08,1059.856,454.22399999999993,30.0,2024,November
ORD00276,2024-10-21 14:01:10.433577,Beauty,West,Corporate,Merchant,Minimalist,Large,Delivered,8,218.2,Completed,False,USD,1745.6,1221.9199999999998,523.6800000000001,30.000000000000004,2024,October
ORD00277,2025-02-12 14:01:10.433579,Electronics,West,Consumer,Dropship,Modern,Large,In Transit,5,253.28,Completed,False,USD,1266.4,886.48,379.9200000000001,30.000000000000004,2025,February
ORD00278,2025-03-13 14:01:10.433582,Electronics,West,Small Business,Dropship,Minimalist,Small,Delivered,10,291.19,Completed,False,USD,2911.9,2038.33,873.5700000000002,30.000000000000004,2025,March
ORD00279,2024-06-28 14:01:10.433584,Books,East,Consumer,FBA,Classic,Small,Delivered,2,32.36,Completed,False,USD,64.72,45.303999999999995,19.416000000000004,30.000000000000004,2024,June
ORD00280,2025-04-07 14:01:10.433586,Home Decor,South,Small Business,Dropship,Modern,Medium,Delayed,7,250.62,Completed,False,USD,1754.3400000000001,1228.038,526.3020000000001,30.000000000000004,2025,April
ORD00281,2025-02-15 14:01:10.433589,Electronics,East,Consumer,Merchant,Classic,Large,Delayed,9,234.41,Completed,False,USD,2109.69,1476.783,632.9070000000002,30.000000000000004,2025,February
ORD00282,2024-10-29 14:01:10.433591,Books,South,Corporate,FBA,Modern,Small,Delayed,2,146.17,Completed,False,USD,292.34,204.63799999999998,87.702,30.000000000000004,2024,October
ORD00283,2025-06-20 14:01:10.433594,Home Decor,South,Corporate,Dropship,Classic,Small,Delivered,1,299.56,Completed,True,USD,299.56,209.69199999999998,89.86800000000002,30.00000000000001,2025,June
ORD00285,2024-09-19 14:01:10.433598,Clothing,East,Corporate,Dropship,Minimalist,Large,In Transit,5,245.19,Completed,False,USD,1225.95,858.165,367.7850000000001,30.000000000000004,2024,September
ORD00286,2025-03-15 14:01:10.433601,Beauty,South,Small Business,Merchant,Modern,Large,Delayed,13,83.83,Completed,True,USD,1089.79,762.853,326.937,30.000000000000004,2025,March
ORD00287,2024-07-23 14:01:10.433603,Beauty,West,Consumer,Dropship,Minimalist,Medium,Delayed,2,277.92,Completed,False,USD,555.84,389.088,166.752,30.0,2024,July
ORD00288,2025-02-28 14:01:10.433606,Books,West,Consumer,FBA,Modern,Medium,Delayed,13,99.55,Completed,True,USD,1294.1499999999999,905.9049999999999,388.245,30.000000000000004,2025,February
ORD00289,2025-03-03 14:01:10.433608,Home Decor,East,Corporate,Merchant,Minimalist,Small,Delayed,12,25.4,Completed,False,USD,304.79999999999995,213.35999999999996,91.44,30.000000000000004,2025,March
ORD00290,2025-02-23 14:01:10.433610,Clothing,East,Small Business,FBA,Modern,Small,In Transit,10,48.23,Completed,False,USD,482.29999999999995,337.60999999999996,144.69,30.000000000000004,2025,February
ORD00292,2025-02-02 14:01:10.433615,Beauty,South,Small Business,Merchant,Classic,Small,Delayed,9,76.85,Completed,False,USD,691.65,484.155,207.495,30.0,2025,February
ORD00293,2024-09-15 14:01:10.433617,Electronics,West,Corporate,FBA,Minimalist,Large,In Transit,4,132.31,Completed,False,USD,529.24,370.46799999999996,158.77200000000005,30.00000000000001,2024,September
ORD00294,2024-12-18 14:01:10.433620,Electronics,North,Corporate,FBA,Modern,Medium,In Transit,14,92.17,Completed,False,USD,1290.38,903.266,387.11400000000015,30.00000000000001,2024,December
ORD00295,2024-12-02 14:01:10.433622,Books,North,Small Business,Merchant,Modern,Medium,Delayed,2,236.37,Completed,False,USD,472.74,330.918,141.822,30.0,2024,December
ORD00298,2025-02-18 14:01:10.433630,Clothing,North,Corporate,Merchant,Modern,Medium,In Transit,1,260.82,Completed,False,USD,260.82,182.57399999999998,78.24600000000001,30.000000000000004,2025,February
ORD00299,2025-03-23 14:01:10.433632,Clothing,West,Consumer,Dropship,Modern,Large,Delivered,9,207.64,Completed,False,USD,1868.7599999999998,1308.1319999999998,560.6279999999999,30.0,2025,March
ORD00300,2025-04-01 14:01:10.433634,Electronics,West,Consumer,Merchant,Minimalist,Small,Delayed,7,251.54,Completed,False,USD,1760.78,1232.5459999999998,528.2340000000002,30.00000000000001,2025,April
ORD00301,2024-09-09 14:01:10.433637,Clothing,South,Corporate,Dropship,Modern,Large,Delivered,8,249.49,Completed,True,USD,1995.92,1397.144,598.7760000000001,30.000000000000004,2024,September
ORD00302,2025-03-27 14:01:10.433639,Beauty,West,Small Business,FBA,Minimalist,Small,In Transit,14,224.39,Completed,False,USD,3141.46,2199.022,942.4380000000001,30.000000000000004,2025,March
ORD00303,2024-12-14 14:01:10.433641,Beauty,East,Small Business,FBA,Minimalist,Small,Delayed,4,92.95,Completed,True,USD,371.8,260.26,111.54000000000002,30.000000000000004,2024,December
ORD00305,2024-09-15 14:01:10.433648,Books,West,Consumer,FBA,Minimalist,Small,Delayed,8,141.56,Completed,True,USD,1132.48,792.736,339.744,30.000000000000004,2024,September
ORD00306,2024-12-27 14:01:10.433653,Books,East,Corporate,Dropship,Classic,Large,In Transit,13,260.11,Completed,False,USD,3381.4300000000003,2367.001,1014.4290000000001,30.0,2024,December
ORD00307,2025-03-31 14:01:10.433657,Electronics,South,Consumer,Dropship,Modern,Large,Delivered,8,151.08,Completed,False,USD,1208.64,846.048,362.5920000000001,30.000000000000004,2025,March
ORD00309,2025-05-03 14:01:10.433665,Home Decor,North,Corporate,Merchant,Classic,Small,Delivered,2,100.74,Completed,False,USD,201.48,141.03599999999997,60.44400000000002,30.00000000000001,2025,May
ORD00310,2024-09-14 14:01:10.433669,Beauty,North,Consumer,FBA,Classic,Large,In Transit,13,178.76,Completed,True,USD,2323.88,1626.716,697.1640000000002,30.00000000000001,2024,September
ORD00311,2024-09-15 14:01:10.433673,Clothing,North,Corporate,FBA,Minimalist,Medium,Delayed,13,240.85,Completed,False,USD,3131.0499999999997,2191.7349999999997,939.315,30.000000000000004,2024,September
ORD00312,2024-11-10 14:01:10.433678,Books,West,Consumer,FBA,Modern,Large,Delivered,9,138.86,Completed,False,USD,1249.7400000000002,874.8180000000001,374.92200000000014,30.000000000000004,2024,November
ORD00313,2024-07-16 14:01:10.433683,Electronics,East,Consumer,Merchant,Classic,Large,Delivered,11,275.16,Completed,True,USD,3026.76,2118.732,908.0280000000002,30.000000000000004,2024,July
ORD00314,2024-11-04 14:01:10.433687,Clothing,West,Corporate,FBA,Minimalist,Large,Delayed,9,74.61,Completed,True,USD,671.49,470.04299999999995,201.44700000000006,30.00000000000001,2024,November
ORD00315,2024-08-09 14:01:10.433690,Home Decor,South,Consumer,Merchant,Modern,Large,Delayed,12,94.14,Completed,False,USD,1129.68,790.776,338.9040000000001,30.00000000000001,2024,August
ORD00316,2024-12-25 14:01:10.433693,Books,West,Consumer,FBA,Minimalist,Small,Delivered,3,35.55,Completed,False,USD,106.64999999999999,74.65499999999999,31.995000000000005,30.000000000000004,2024,December
ORD00317,2024-10-29 14:01:10.433696,Beauty,South,Consumer,Merchant,Classic,Medium,Delivered,14,198.56,Completed,False,USD,2779.84,1945.888,833.9520000000002,30.000000000000004,2024,October
ORD00318,2025-01-21 14:01:10.433698,Electronics,North,Corporate,Merchant,Classic,Medium,In Transit,9,126.25,Completed,False,USD,1136.25,795.375,340.875,30.0,2025,January
ORD00319,2025-04-06 14:01:10.433700,Electronics,North,Corporate,Dropship,Modern,Medium,In Transit,13,43.52,Completed,True,USD,565.76,396.032,169.728,30.000000000000004,2025,April
ORD00320,2024-12-09 14:01:10.433703,Beauty,North,Consumer,Merchant,Modern,Medium,In Transit,3,266.85,Completed,True,USD,800.5500000000001,560.385,240.16500000000008,30.000000000000004,2024,December
ORD00321,2024-10-27 14:01:10.433705,Books,West,Corporate,FBA,Minimalist,Large,Delayed,13,145.61,Completed,False,USD,1892.9300000000003,1325.0510000000002,567.8790000000001,30.000000000000004,2024,October
ORD00322,2024-12-21 14:01:10.433707,Beauty,West,Small Business,Dropship,Minimalist,Large,In Transit,3,211.44,Completed,True,USD,634.3199999999999,444.02399999999994,190.296,30.000000000000004,2024,December
ORD00323,2024-11-25 14:01:10.433710,Beauty,North,Small Business,FBA,Minimalist,Small,In Transit,5,95.51,Completed,False,USD,477.55,334.28499999999997,143.26500000000004,30.00000000000001,2024,November
ORD00324,2025-04-09 14:01:10.433712,Clothing,West,Small Business,Merchant,Classic,Medium,In Transit,4,204.29,Completed,False,USD,817.16,572.012,245.14800000000002,30.000000000000004,2025,April
ORD00325,2024-09-09 14:01:10.433715,Books,North,Corporate,FBA,Classic,Medium,In Transit,4,204.41,Completed,False,USD,817.64,572.348,245.29200000000003,30.000000000000004,2024,September
ORD00326,2024-11-03 14:01:10.433717,Books,North,Corporate,FBA,Classic,Medium,Delivered,4,82.94,Completed,False,USD,331.76,232.23199999999997,99.52800000000002,30.000000000000004,2024,November
ORD00327,2025-05-08 14:01:10.433719,Electronics,South,Consumer,Merchant,Modern,Large,Delayed,3,197.19,Completed,True,USD,591.5699999999999,414.09899999999993,177.471,30.000000000000004,2025,May
ORD00328,2024-12-07 14:01:10.433722,Beauty,East,Consumer,Merchant,Classic,Small,In Transit,3,203.48,Completed,False,USD,610.4399999999999,427.30799999999994,183.132,30.000000000000004,2024,December
ORD00329,2025-02-05 14:01:10.433724,Electronics,West,Small Business,Merchant,Minimalist,Large,Delayed,9,75.01,Completed,True,USD,675.09,472.563,202.52700000000004,30.000000000000004,2025,February
ORD00330,2025-05-15 14:01:10.433727,Clothing,East,Consumer,FBA,Minimalist,Large,Delayed,7,132.08,Completed,False,USD,924.5600000000001,647.192,277.36800000000005,30.000000000000004,2025,May
ORD00332,2024-06-30 14:01:10.433732,Clothing,North,Corporate,Merchant,Minimalist,Medium,Delivered,10,190.05,Completed,False,USD,1900.5,1330.35,570.1500000000001,30.000000000000004,2024,June
ORD00333,2024-09-26 14:01:10.433734,Clothing,West,Small Business,Dropship,Minimalist,Medium,In Transit,12,160.0,Completed,False,USD,1920.0,1344.0,576.0,30.0,2024,September
ORD00334,2025-04-10 14:01:10.433738,Books,North,Small Business,Merchant,Modern,Medium,In Transit,12,73.4,Completed,False,USD,880.8000000000001,616.5600000000001,264.24,30.0,2025,April
ORD00335,2025-02-23 14:01:10.433743,Home Decor,West,Consumer,Dropship,Modern,Small,Delivered,11,119.03,Completed,True,USD,1309.33,916.5309999999998,392.7990000000001,30.00000000000001,2025,February
ORD00336,2024-12-08 14:01:10.433746,Books,East,Consumer,Merchant,Modern,Medium,Delayed,4,47.9,Completed,False,USD,191.6,134.11999999999998,57.48000000000002,30.00000000000001,2024,December
ORD00337,2024-10-02 14:01:10.433750,Electronics,East,Corporate,FBA,Modern,Medium,Delivered,9,38.89,Completed,True,USD,350.01,245.00699999999998,105.00300000000001,30.000000000000004,2024,October
ORD00338,2025-04-01 14:01:10.433754,Electronics,South,Corporate,FBA,Minimalist,Large,Delayed,14,254.15,Completed,True,USD,3558.1,2490.6699999999996,1067.4300000000003,30.00000000000001,2025,April
ORD00339,2024-09-23 14:01:10.433758,Clothing,East,Consumer,Dropship,Minimalist,Medium,Delayed,14,47.33,Completed,True,USD,662.62,463.83399999999995,198.78600000000006,30.00000000000001,2024,September
ORD00340,2025-04-19 14:01:10.433762,Clothing,South,Corporate,FBA,Minimalist,Small,Delayed,1,187.3,Completed,False,USD,187.3,131.11,56.19,30.0,2025,April
ORD00341,2024-12-06 14:01:10.433767,Home Decor,North,Small Business,FBA,Classic,Medium,Delayed,11,186.86,Completed,False,USD,2055.46,1438.822,616.6380000000001,30.000000000000004,2024,December
ORD00342,2025-01-21 14:01:10.433771,Beauty,East,Corporate,Dropship,Modern,Medium,In Transit,12,76.05,Completed,True,USD,912.5999999999999,638.8199999999999,273.78,30.0,2025,January
ORD00343,2025-04-12 14:01:10.433773,Home Decor,North,Corporate,FBA,Classic,Medium,In Transit,13,68.85,Completed,False,USD,895.05,626.535,268.515,30.0,2025,April
ORD00344,2024-07-13 14:01:10.433776,Beauty,West,Corporate,Merchant,Modern,Medium,Delayed,1,281.78,Completed,False,USD,281.78,197.24599999999998,84.53399999999999,30.0,2024,July
ORD00345,2024-10-25 14:01:10.433778,Clothing,West,Consumer,Dropship,Modern,Medium,In Transit,6,97.83,Completed,False,USD,586.98,410.88599999999997,176.09400000000005,30.00000000000001,2024,October
ORD00346,2024-07-18 14:01:10.433780,Books,West,Consumer,Merchant,Modern,Small,Delivered,4,37.01,Completed,False,USD,148.04,103.62799999999999,44.412000000000006,30.000000000000004,2024,July
ORD00347,2025-06-11 14:01:10.433783,Home Decor,South,Small Business,Dropship,Minimalist,Medium,Delayed,4,109.24,Completed,False,USD,436.96,305.87199999999996,131.08800000000002,30.000000000000004,2025,June
ORD00348,2025-05-25 14:01:10.433786,Home Decor,West,Small Business,Dropship,Classic,Medium,Delayed,1,102.98,Completed,False,USD,102.98,72.086,30.894000000000005,30.000000000000004,2025,May
ORD00349,2024-12-12 14:01:10.433789,Books,West,Consumer,Merchant,Classic,Medium,Delivered,3,168.44,Completed,True,USD,505.32,353.724,151.596,30.0,2024,December
ORD00350,2024-09-10 14:01:10.433794,Home Decor,North,Consumer,FBA,Modern,Medium,Delayed,5,205.04,Completed,False,USD,1025.2,717.64,307.56000000000006,30.000000000000004,2024,September
ORD00351,2024-11-24 14:01:10.433798,Electronics,North,Small Business,Dropship,Modern,Medium,Delayed,13,179.9,Completed,True,USD,2338.7000000000003,1637.0900000000001,701.6100000000001,30.000000000000004,2024,November
ORD00352,2024-10-28 14:01:10.433801,Clothing,North,Consumer,FBA,Classic,Medium,Delayed,5,125.76,Completed,False,USD,628.8000000000001,440.16,188.64000000000004,30.000000000000004,2024,October
ORD00353,2025-06-16 14:01:10.433805,Books,South,Consumer,FBA,Modern,Small,In Transit,3,242.92,Completed,False,USD,728.76,510.13199999999995,218.62800000000004,30.000000000000004,2025,June
ORD00354,2024-08-23 14:01:10.433810,Electronics,South,Corporate,Dropship,Modern,Large,Delivered,12,89.93,Completed,False,USD,1079.16,755.412,323.74800000000005,30.000000000000004,2024,August
ORD00355,2025-05-21 14:01:10.433815,Clothing,North,Small Business,Dropship,Minimalist,Medium,Delivered,5,25.19,Completed,False,USD,125.95,88.16499999999999,37.78500000000001,30.00000000000001,2025,May
ORD00356,2024-12-23 14:01:10.433819,Beauty,East,Small Business,FBA,Minimalist,Large,Delivered,14,92.57,Completed,True,USD,1295.98,907.1859999999999,388.7940000000001,30.000000000000004,2024,December
ORD00357,2024-10-28 14:01:10.433822,Home Decor,North,Corporate,Dropship,Minimalist,Medium,In Transit,13,269.19,Completed,False,USD,3499.47,2449.629,1049.841,30.0,2024,October
ORD00358,2025-02-06 14:01:10.433826,Electronics,North,Corporate,FBA,Classic,Medium,Delayed,8,46.2,Completed,False,USD,369.6,258.72,110.88,30.0,2025,February
ORD00360,2024-09-13 14:01:10.433835,Beauty,West,Consumer,FBA,Minimalist,Small,In Transit,13,93.9,Completed,False,USD,1220.7,854.49,366.21000000000004,30.000000000000004,2024,September
ORD00361,2025-06-04 14:01:10.433839,Electronics,East,Small Business,Merchant,Classic,Medium,Delivered,2,151.45,Completed,False,USD,302.9,212.02999999999997,90.87,30.000000000000004,2025,June
ORD00362,2025-02-10 14:01:10.433844,Electronics,East,Small Business,FBA,Minimalist,Small,Delayed,5,35.15,Completed,False,USD,175.75,123.02499999999999,52.72500000000001,30.000000000000004,2025,February
ORD00363,2024-07-25 14:01:10.433848,Beauty,North,Small Business,Merchant,Classic,Medium,In Transit,11,61.25,Completed,False,USD,673.75,471.62499999999994,202.12500000000006,30.00000000000001,2024,July
ORD00364,2025-04-27 14:01:10.433851,Electronics,North,Corporate,FBA,Minimalist,Small,Delayed,8,48.77,Completed,False,USD,390.16,273.112,117.048,30.0,2025,April
ORD00365,2024-12-17 14:01:10.433854,Electronics,East,Consumer,Merchant,Modern,Medium,In Transit,13,97.09,Completed,True,USD,1262.17,883.519,378.65100000000007,30.000000000000004,2024,December
ORD00366,2024-08-28 14:01:10.433856,Clothing,East,Corporate,Merchant,Minimalist,Large,Delivered,6,241.22,Completed,False,USD,1447.32,1013.1239999999999,434.196,30.000000000000004,2024,August
ORD00367,2025-02-21 14:01:10.433859,Electronics,South,Consumer,Merchant,Minimalist,Large,Delayed,5,164.26,Completed,False,USD,821.3,574.91,246.39,30.0,2025,February
ORD00368,2025-06-02 14:01:10.433861,Books,South,Corporate,Merchant,Minimalist,Large,Delivered,1,114.54,Completed,False,USD,114.54,80.178,34.36200000000001,30.000000000000004,2025,June
ORD00369,2024-12-17 14:01:10.433863,Clothing,West,Small Business,Dropship,Classic,Medium,In Transit,6,69.94,Completed,False,USD,419.64,293.748,125.892,30.0,2024,December
ORD00370,2024-07-29 14:01:10.433866,Beauty,East,Small Business,Merchant,Minimalist,Small,Delayed,12,175.59,Completed,False,USD,2107.08,1474.956,632.124,30.000000000000004,2024,July
ORD00371,2024-08-16 14:01:10.433869,Electronics,East,Small Business,Dropship,Minimalist,Small,Delivered,11,162.33,Completed,False,USD,1785.63,1249.941,535.6890000000001,30.000000000000004,2024,August
ORD00372,2025-03-16 14:01:10.433871,Books,South,Consumer,Merchant,Classic,Large,Delivered,4,65.68,Completed,False,USD,262.72,183.904,78.81600000000003,30.00000000000001,2025,March
ORD00373,2024-12-04 14:01:10.433873,Home Decor,South,Consumer,Merchant,Modern,Small,Delivered,1,117.28,Completed,True,USD,117.28,82.09599999999999,35.18400000000001,30.00000000000001,2024,December
ORD00374,2025-03-04 14:01:10.433876,Beauty,West,Corporate,Dropship,Minimalist,Small,Delivered,10,118.83,Completed,True,USD,1188.3,831.81,356.49,30.000000000000004,2025,March
ORD00375,2024-08-16 14:01:10.433878,Electronics,North,Consumer,FBA,Classic,Small,Delayed,1,233.46,Completed,True,USD,233.46,163.422,70.03800000000001,30.000000000000004,2024,August
ORD00376,2024-09-18 14:01:10.433880,Books,West,Corporate,Merchant,Classic,Medium,Delayed,6,170.7,Completed,False,USD,1024.1999999999998,716.9399999999998,307.26,30.000000000000004,2024,September
ORD00378,2025-04-03 14:01:10.433885,Clothing,East,Consumer,Merchant,Classic,Small,Delivered,13,88.68,Completed,False,USD,1152.8400000000001,806.988,345.8520000000001,30.000000000000004,2025,April
ORD00379,2024-08-03 14:01:10.433888,Beauty,East,Consumer,Dropship,Classic,Large,In Transit,1,225.21,Completed,True,USD,225.21,157.647,67.56300000000002,30.000000000000004,2024,August
ORD00380,2024-10-14 14:01:10.433890,Clothing,East,Consumer,Merchant,Classic,Small,In Transit,4,69.01,Completed,False,USD,276.04,193.228,82.81200000000001,30.000000000000004,2024,October
ORD00381,2024-10-30 14:01:10.433893,Electronics,West,Consumer,Dropship,Minimalist,Small,In Transit,7,26.99,Completed,True,USD,188.92999999999998,132.25099999999998,56.679,30.000000000000004,2024,October
ORD00382,2025-03-23 14:01:10.433895,Home Decor,West,Corporate,FBA,Minimalist,Small,In Transit,11,280.81,Completed,False,USD,3088.91,2162.2369999999996,926.6730000000002,30.00000000000001,2025,March
ORD00383,2025-05-15 14:01:10.433897,Clothing,East,Corporate,Merchant,Minimalist,Medium,Delivered,6,178.58,Completed,True,USD,1071.48,750.036,321.4440000000001,30.000000000000004,2025,May
ORD00384,2025-06-06 14:01:10.433899,Home Decor,North,Corporate,FBA,Minimalist,Medium,Delivered,4,56.59,Completed,True,USD,226.36,158.452,67.90800000000002,30.000000000000004,2025,June
ORD00386,2025-05-10 14:01:10.433904,Clothing,North,Consumer,Dropship,Minimalist,Large,Delivered,13,82.89,Completed,False,USD,1077.57,754.2989999999999,323.2710000000001,30.00000000000001,2025,May
ORD00387,2025-04-10 14:01:10.433906,Books,East,Corporate,FBA,Minimalist,Large,Delayed,14,74.36,Completed,False,USD,1041.04,728.728,312.312,30.000000000000004,2025,April
ORD00388,2024-11-21 14:01:10.433909,Clothing,North,Consumer,Dropship,Minimalist,Medium,In Transit,6,176.83,Completed,True,USD,1060.98,742.6859999999999,318.2940000000001,30.00000000000001,2024,November
ORD00389,2024-09-23 14:01:10.433911,Clothing,West,Small Business,Merchant,Modern,Medium,Delayed,9,246.24,Completed,False,USD,2216.16,1551.312,664.848,30.0,2024,September
ORD00390,2024-10-12 14:01:10.433914,Beauty,North,Small Business,Merchant,Modern,Small,Delivered,3,63.84,Completed,False,USD,191.52,134.064,57.45600000000002,30.00000000000001,2024,October
ORD00391,2025-06-20 14:01:10.433916,Electronics,South,Small Business,Merchant,Classic,Medium,Delivered,8,118.94,Completed,False,USD,951.52,666.064,285.456,30.000000000000004,2025,June
ORD00392,2025-05-06 14:01:10.433918,Home Decor,North,Consumer,FBA,Classic,Medium,Delivered,8,48.42,Completed,False,USD,387.36,271.152,116.20800000000003,30.000000000000004,2025,May
ORD00393,2024-07-19 14:01:10.433921,Books,East,Consumer,Dropship,Classic,Large,Delivered,1,134.01,Completed,False,USD,134.01,93.80699999999999,40.203,30.000000000000004,2024,July
ORD00394,2025-03-14 14:01:10.433923,Books,North,Consumer,Dropship,Minimalist,Small,Delayed,8,148.47,Completed,True,USD,1187.76,831.4319999999999,356.3280000000001,30.00000000000001,2025,March
ORD00395,2024-07-05 14:01:10.433926,Clothing,West,Corporate,Merchant,Minimalist,Large,In Transit,2,212.96,Completed,False,USD,425.92,298.144,127.77600000000001,30.0,2024,July
ORD00396,2024-12-23 14:01:10.433928,Home Decor,East,Corporate,Merchant,Classic,Medium,Delayed,2,99.16,Completed,False,USD,198.32,138.82399999999998,59.49600000000001,30.000000000000004,2024,December
ORD00397,2025-04-01 14:01:10.433930,Home Decor,South,Small Business,Merchant,Modern,Large,Delayed,1,264.6,Completed,True,USD,264.6,185.22,79.38000000000002,30.000000000000004,2025,April
ORD00398,2025-01-06 14:01:10.433933,Beauty,South,Corporate,FBA,Modern,Medium,In Transit,3,161.26,Completed,False,USD,483.78,338.64599999999996,145.13400000000001,30.000000000000004,2025,January
ORD00399,2024-07-15 14:01:10.433935,Electronics,East,Consumer,Merchant,Classic,Large,Delayed,5,126.66,Completed,True,USD,633.3,443.30999999999995,189.99,30.000000000000004,2024,July
ORD00400,2025-06-20 14:01:10.433938,Beauty,South,Consumer,Merchant,Modern,Small,In Transit,3,194.75,Completed,False,USD,584.25,408.97499999999997,175.27500000000003,30.000000000000004,2025,June
ORD00401,2025-06-02 14:01:10.433940,Home Decor,North,Corporate,Dropship,Minimalist,Small,Delayed,8,183.31,Completed,False,USD,1466.48,1026.536,439.94399999999996,30.0,2025,June
ORD00403,2025-03-26 14:01:10.433947,Books,North,Consumer,Dropship,Modern,Small,Delivered,5,101.36,Completed,True,USD,506.8,354.76,152.04000000000002,30.000000000000004,2025,March
ORD00404,2025-03-09 14:01:10.433949,Books,North,Small Business,FBA,Classic,Small,Delayed,6,204.75,Completed,True,USD,1228.5,859.9499999999999,368.55000000000007,30.000000000000004,2025,March
ORD00406,2025-03-02 14:01:10.433954,Books,East,Small Business,Merchant,Modern,Large,Delayed,6,27.2,Completed,False,USD,163.2,114.23999999999998,48.96000000000001,30.000000000000004,2025,March
ORD00407,2025-05-14 14:01:10.433956,Books,West,Corporate,Merchant,Minimalist,Medium,In Transit,14,296.44,Completed,False,USD,4150.16,2905.1119999999996,1245.0480000000002,30.000000000000004,2025,May
ORD00408,2024-08-08 14:01:10.433959,Books,West,Small Business,Dropship,Classic,Large,Delivered,13,249.32,Completed,True,USD,3241.16,2268.812,972.348,30.0,2024,August
ORD00409,2025-04-19 14:01:10.433961,Electronics,North,Corporate,FBA,Minimalist,Medium,Delayed,7,264.36,Completed,False,USD,1850.52,1295.3639999999998,555.1560000000002,30.00000000000001,2025,April
ORD00410,2024-07-09 14:01:10.433963,Books,East,Small Business,Merchant,Modern,Small,In Transit,9,265.34,Completed,False,USD,2388.06,1671.6419999999998,716.4180000000001,30.000000000000004,2024,July
ORD00411,2024-09-11 14:01:10.433966,Clothing,East,Small Business,Merchant,Classic,Large,Delayed,11,81.69,Completed,False,USD,898.5899999999999,629.0129999999999,269.577,30.000000000000004,2024,September
ORD00412,2024-07-15 14:01:10.433968,Books,West,Corporate,Dropship,Minimalist,Small,Delayed,4,164.22,Completed,True,USD,656.88,459.816,197.06400000000002,30.000000000000004,2024,July
ORD00413,2025-03-17 14:01:10.433971,Home Decor,South,Small Business,FBA,Classic,Medium,Delivered,5,261.73,Completed,False,USD,1308.65,916.055,392.59500000000014,30.00000000000001,2025,March
ORD00414,2024-09-09 14:01:10.433973,Clothing,South,Corporate,FBA,Classic,Large,In Transit,1,256.75,Completed,False,USD,256.75,179.725,77.025,30.000000000000004,2024,September
ORD00415,2025-06-12 14:01:10.433975,Clothing,South,Consumer,Dropship,Classic,Small,In Transit,13,127.13,Completed,False,USD,1652.69,1156.883,495.807,30.0,2025,June
ORD00417,2025-03-08 14:01:10.433980,Books,South,Consumer,Merchant,Classic,Small,Delayed,1,91.99,Completed,False,USD,91.99,64.39299999999999,27.59700000000001,30.00000000000001,2025,March
ORD00418,2024-11-22 14:01:10.433982,Books,East,Small Business,Merchant,Classic,Large,Delayed,11,243.16,Completed,False,USD,2674.7599999999998,1872.3319999999997,802.4280000000001,30.000000000000004,2024,November
ORD00419,2025-05-11 14:01:10.433985,Clothing,North,Corporate,FBA,Minimalist,Small,Delayed,5,39.92,Completed,True,USD,199.60000000000002,139.72,59.880000000000024,30.00000000000001,2025,May
ORD00420,2024-08-07 14:01:10.433987,Books,South,Small Business,Dropship,Classic,Large,In Transit,5,138.3,Completed,False,USD,691.5,484.04999999999995,207.45000000000005,30.000000000000004,2024,August
ORD00421,2025-06-20 14:01:10.433990,Electronics,South,Consumer,Dropship,Minimalist,Small,In Transit,7,260.88,Completed,False,USD,1826.1599999999999,1278.312,547.848,30.0,2025,June
ORD00422,2025-04-23 14:01:10.433992,Books,South,Small Business,Dropship,Classic,Medium,Delayed,2,91.77,Completed,False,USD,183.54,128.47799999999998,55.06200000000001,30.00000000000001,2025,April
ORD00423,2024-11-09 14:01:10.433995,Clothing,North,Small Business,FBA,Minimalist,Small,Delayed,5,259.33,Completed,False,USD,1296.6499999999999,907.6549999999999,388.995,30.000000000000004,2024,November
ORD00424,2025-01-21 14:01:10.433997,Clothing,North,Corporate,Merchant,Classic,Medium,Delayed,11,101.75,Completed,False,USD,1119.25,783.4749999999999,335.7750000000001,30.00000000000001,2025,January
ORD00425,2024-10-05 14:01:10.433999,Electronics,West,Consumer,FBA,Minimalist,Large,Delivered,14,87.65,Completed,False,USD,1227.1000000000001,858.97,368.1300000000001,30.000000000000004,2024,October
ORD00426,2025-05-13 14:01:10.434002,Home Decor,South,Consumer,Merchant,Modern,Medium,Delayed,8,203.49,Completed,False,USD,1627.92,1139.5439999999999,488.3760000000002,30.00000000000001,2025,May
ORD00427,2024-06-28 14:01:10.434004,Home Decor,West,Small Business,FBA,Classic,Medium,Delivered,10,170.97,Completed,False,USD,1709.7,1196.79,512.9100000000001,30.000000000000004,2024,June
ORD00428,2025-01-01 14:01:10.434007,Clothing,South,Small Business,Merchant,Minimalist,Medium,Delivered,11,181.07,Completed,False,USD,1991.77,1394.2389999999998,597.5310000000002,30.00000000000001,2025,January
ORD00429,2025-05-18 14:01:10.434009,Clothing,East,Corporate,Dropship,Minimalist,Medium,In Transit,4,104.69,Completed,False,USD,418.76,293.13199999999995,125.62800000000004,30.00000000000001,2025,May
ORD00430,2025-03-06 14:01:10.434011,Beauty,North,Consumer,Dropship,Modern,Medium,In Transit,14,261.14,Completed,True,USD,3655.96,2559.172,1096.788,30.0,2025,March
ORD00431,2024-11-12 14:01:10.434014,Home Decor,North,Corporate,FBA,Modern,Large,Delivered,5,182.3,Completed,False,USD,911.5,638.05,273.45000000000005,30.000000000000004,2024,November
ORD00432,2025-06-15 14:01:10.434016,Books,South,Consumer,Merchant,Modern,Small,In Transit,4,122.84,Completed,False,USD,491.36,343.952,147.40800000000002,30.000000000000004,2025,June
ORD00433,2024-10-10 14:01:10.434019,Electronics,North,Small Business,FBA,Minimalist,Small,In Transit,9,110.64,Completed,False,USD,995.76,697.0319999999999,298.72800000000007,30.000000000000004,2024,October
ORD00434,2025-05-25 14:01:10.434021,Beauty,South,Small Business,FBA,Modern,Large,Delayed,12,245.74,Completed,False,USD,2948.88,2064.216,884.6640000000002,30.000000000000004,2025,May
ORD00435,2024-11-17 14:01:10.434024,Home Decor,North,Small Business,FBA,Modern,Large,In Transit,7,103.0,Completed,True,USD,721.0,504.7,216.3,30.0,2024,November
ORD00436,2024-12-06 14:01:10.434028,Clothing,North,Corporate,Merchant,Modern,Small,Delayed,5,190.87,Completed,False,USD,954.35,668.045,286.30500000000006,30.000000000000004,2024,December
ORD00437,2024-08-22 14:01:10.434032,Beauty,East,Consumer,Merchant,Classic,Large,Delivered,1,91.68,Completed,True,USD,91.68,64.176,27.504000000000005,30.000000000000004,2024,August
ORD00438,2025-05-22 14:01:10.434036,Beauty,South,Small Business,Merchant,Classic,Large,Delayed,12,210.41,Completed,False,USD,2524.92,1767.444,757.4760000000001,30.000000000000004,2025,May
ORD00439,2025-05-03 14:01:10.434040,Books,North,Small Business,Dropship,Modern,Small,Delivered,7,104.01,Completed,False,USD,728.07,509.649,218.42100000000005,30.000000000000004,2025,May
ORD00440,2025-05-25 14:01:10.434044,Beauty,South,Small Business,FBA,Classic,Medium,Delayed,12,196.97,Completed,False,USD,2363.64,1654.5479999999998,709.0920000000001,30.000000000000004,2025,May
ORD00441,2025-05-04 14:01:10.434048,Beauty,South,Corporate,Merchant,Classic,Small,Delivered,9,200.68,Completed,False,USD,1806.1200000000001,1264.284,541.836,30.0,2025,May
ORD00442,2024-11-09 14:01:10.434053,Electronics,East,Corporate,Merchant,Classic,Medium,In Transit,3,216.76,Completed,False,USD,650.28,455.19599999999997,195.084,30.000000000000004,2024,November
ORD00443,2025-02-12 14:01:10.434057,Electronics,East,Small Business,Merchant,Minimalist,Small,In Transit,1,286.71,Completed,False,USD,286.71,200.69699999999997,86.013,30.000000000000004,2025,February
ORD00444,2025-04-10 14:01:10.434061,Beauty,East,Small Business,Dropship,Classic,Small,Delayed,7,50.43,Completed,False,USD,353.01,247.10699999999997,105.90300000000002,30.000000000000004,2025,April
ORD00445,2025-06-22 14:01:10.434065,Electronics,South,Consumer,Merchant,Modern,Small,Delivered,14,152.7,Completed,True,USD,2137.7999999999997,1496.4599999999998,641.3399999999999,30.0,2025,June
ORD00446,2025-03-21 14:01:10.434067,Clothing,South,Small Business,FBA,Classic,Large,Delayed,10,46.99,Completed,True,USD,469.90000000000003,328.93,140.97000000000003,30.000000000000004,2025,March
ORD00447,2025-03-12 14:01:10.434069,Books,West,Small Business,Merchant,Classic,Medium,Delivered,1,207.92,Completed,False,USD,207.92,145.54399999999998,62.376000000000005,30.000000000000004,2025,March
ORD00448,2024-10-08 14:01:10.434072,Home Decor,South,Small Business,FBA,Minimalist,Small,Delivered,4,246.93,Completed,False,USD,987.72,691.404,296.31600000000003,30.000000000000004,2024,October
ORD00449,2025-06-23 14:01:10.434074,Beauty,East,Small Business,Dropship,Modern,Small,Delayed,8,207.1,Completed,False,USD,1656.8,1159.76,497.03999999999996,30.0,2025,June
ORD00450,2024-12-15 14:01:10.434077,Clothing,North,Consumer,Dropship,Modern,Medium,Delivered,2,77.86,Completed,False,USD,155.72,109.00399999999999,46.71600000000001,30.000000000000004,2024,December
ORD00451,2024-08-10 14:01:10.434080,Beauty,South,Small Business,Dropship,Modern,Medium,Delayed,5,226.11,Completed,False,USD,1130.5500000000002,791.3850000000001,339.1650000000001,30.000000000000004,2024,August
ORD00452,2024-10-29 14:01:10.434083,Electronics,South,Consumer,FBA,Classic,Large,Delivered,5,69.43,Completed,True,USD,347.15000000000003,243.005,104.14500000000004,30.00000000000001,2024,October
ORD00453,2025-02-08 14:01:10.434085,Beauty,West,Consumer,Merchant,Classic,Small,In Transit,8,166.09,Completed,True,USD,1328.72,930.1039999999999,398.6160000000001,30.000000000000004,2025,February
ORD00454,2025-01-11 14:01:10.434087,Home Decor,North,Corporate,Merchant,Classic,Large,In Transit,9,143.74,Completed,False,USD,1293.66,905.562,388.09800000000007,30.000000000000004,2025,January
ORD00455,2024-08-23 14:01:10.434090,Home Decor,West,Small Business,Dropship,Minimalist,Large,In Transit,1,56.45,Completed,False,USD,56.45,39.515,16.935000000000002,30.000000000000004,2024,August
ORD00456,2025-06-04 14:01:10.434092,Electronics,East,Consumer,FBA,Minimalist,Medium,Delayed,12,163.92,Completed,False,USD,1967.04,1376.9279999999999,590.1120000000001,30.000000000000004,2025,June
ORD00457,2025-01-02 14:01:10.434095,Beauty,North,Small Business,Dropship,Modern,Large,In Transit,10,272.17,Completed,False,USD,2721.7000000000003,1905.19,816.5100000000002,30.000000000000004,2025,January
ORD00458,2025-01-22 14:01:10.434099,Clothing,West,Small Business,Dropship,Minimalist,Medium,Delayed,12,231.05,Completed,True,USD,2772.6000000000004,1940.8200000000002,831.7800000000002,30.000000000000004,2025,January
ORD00459,2024-10-04 14:01:10.434101,Books,East,Small Business,Merchant,Modern,Large,In Transit,8,152.3,Completed,False,USD,1218.4,852.88,365.5200000000001,30.000000000000004,2024,October
ORD00460,2025-04-11 14:01:10.434104,Books,North,Consumer,FBA,Classic,Medium,Delivered,2,81.58,Completed,False,USD,163.16,114.21199999999999,48.94800000000001,30.000000000000004,2025,April
ORD00461,2025-02-27 14:01:10.434106,Home Decor,West,Consumer,FBA,Modern,Small,Delivered,5,195.75,Completed,False,USD,978.75,685.125,293.625,30.0,2025,February
ORD00462,2025-06-16 14:01:10.434109,Electronics,South,Small Business,Dropship,Classic,Small,Delivered,1,129.57,Completed,False,USD,129.57,90.69899999999998,38.87100000000001,30.00000000000001,2025,June
ORD00463,2024-10-22 14:01:10.434111,Home Decor,East,Small Business,Dropship,Modern,Small,In Transit,14,258.28,Completed,False,USD,3615.9199999999996,2531.144,1084.7759999999998,30.0,2024,October
ORD00464,2024-11-15 14:01:10.434113,Beauty,North,Corporate,Dropship,Minimalist,Medium,Delayed,3,296.14,Completed,True,USD,888.42,621.8939999999999,266.52600000000007,30.00000000000001,2024,November
ORD00465,2024-09-24 14:01:10.434116,Home Decor,North,Corporate,Dropship,Classic,Large,Delivered,4,267.24,Completed,False,USD,1068.96,748.2719999999999,320.6880000000001,30.00000000000001,2024,September
ORD00466,2024-12-28 14:01:10.434119,Books,South,Consumer,FBA,Modern,Small,Delayed,5,190.53,Completed,False,USD,952.65,666.8549999999999,285.7950000000001,30.00000000000001,2024,December
ORD00467,2025-01-28 14:01:10.434121,Electronics,West,Small Business,FBA,Classic,Medium,Delivered,2,73.42,Completed,True,USD,146.84,102.788,44.05200000000001,30.000000000000004,2025,January
ORD00468,2024-12-10 14:01:10.434123,Electronics,North,Small Business,Merchant,Minimalist,Small,Delivered,12,20.2,Completed,False,USD,242.39999999999998,169.67999999999998,72.72,30.000000000000004,2024,December
ORD00469,2025-03-24 14:01:10.434126,Home Decor,South,Corporate,FBA,Classic,Small,In Transit,12,76.36,Completed,False,USD,916.3199999999999,641.4239999999999,274.8960000000001,30.00000000000001,2025,March
ORD00470,2024-07-31 14:01:10.434128,Clothing,West,Small Business,Merchant,Modern,Medium,Delivered,7,81.4,Completed,False,USD,569.8000000000001,398.86,170.94000000000005,30.000000000000004,2024,July
ORD00471,2025-05-14 14:01:10.434130,Clothing,North,Consumer,Dropship,Classic,Medium,Delivered,6,183.91,Completed,False,USD,1103.46,772.422,331.038,30.0,2025,May
ORD00472,2024-12-06 14:01:10.434133,Beauty,South,Corporate,Dropship,Minimalist,Large,Delayed,1,134.75,Completed,False,USD,134.75,94.32499999999999,40.42500000000001,30.00000000000001,2024,December
ORD00473,2025-05-31 14:01:10.434135,Electronics,West,Small Business,FBA,Classic,Large,Delayed,6,215.27,Completed,False,USD,1291.6200000000001,904.134,387.4860000000001,30.000000000000004,2025,May
ORD00474,2024-11-21 14:01:10.434138,Clothing,East,Corporate,Dropship,Minimalist,Small,In Transit,1,86.0,Completed,False,USD,86.0,60.199999999999996,25.800000000000004,30.000000000000004,2024,November
ORD00475,2024-10-05 14:01:10.434140,Beauty,South,Small Business,Dropship,Minimalist,Medium,Delivered,7,124.17,Completed,True,USD,869.19,608.433,260.75700000000006,30.000000000000004,2024,October
ORD00476,2024-08-03 14:01:10.434143,Home Decor,East,Corporate,Merchant,Minimalist,Medium,Delivered,4,249.87,Completed,False,USD,999.48,699.636,299.84400000000005,30.000000000000004,2024,August
ORD00477,2024-11-17 14:01:10.434145,Home Decor,West,Small Business,Dropship,Modern,Medium,Delivered,1,24.1,Completed,False,USD,24.1,16.87,7.23,30.0,2024,November
ORD00478,2025-04-20 14:01:10.434148,Beauty,North,Corporate,Merchant,Classic,Medium,Delayed,8,183.62,Completed,False,USD,1468.96,1028.272,440.6880000000001,30.000000000000004,2025,April
ORD00479,2025-05-27 14:01:10.434150,Books,North,Consumer,FBA,Modern,Large,Delivered,1,144.48,Completed,True,USD,144.48,101.13599999999998,43.34400000000001,30.00000000000001,2025,May
ORD00480,2025-05-28 14:01:10.434152,Home Decor,North,Consumer,FBA,Modern,Large,Delayed,6,124.58,Completed,True,USD,747.48,523.236,224.24400000000003,30.000000000000004,2025,May
ORD00481,2024-12-15 14:01:10.434155,Books,East,Consumer,FBA,Classic,Large,Delayed,9,86.14,Completed,False,USD,775.26,542.6819999999999,232.5780000000001,30.00000000000001,2024,December
ORD00482,2024-12-20 14:01:10.434157,Books,North,Corporate,FBA,Minimalist,Large,Delayed,1,125.47,Completed,True,USD,125.47,87.829,37.641000000000005,30.000000000000004,2024,December
ORD00483,2025-05-05 14:01:10.434160,Electronics,East,Consumer,FBA,Classic,Small,In Transit,6,148.19,Completed,True,USD,889.14,622.3979999999999,266.7420000000001,30.00000000000001,2025,May
ORD00484,2025-03-06 14:01:10.434162,Clothing,East,Small Business,FBA,Classic,Medium,Delayed,8,172.78,Completed,False,USD,1382.24,967.568,414.672,30.0,2025,March
ORD00485,2024-12-23 14:01:10.434165,Home Decor,North,Small Business,Dropship,Modern,Large,Delivered,11,37.48,Completed,False,USD,412.28,288.59599999999995,123.68400000000003,30.00000000000001,2024,December
ORD00486,2024-12-06 14:01:10.434167,Electronics,South,Small Business,FBA,Minimalist,Small,Delayed,9,97.7,Completed,True,USD,879.3000000000001,615.51,263.7900000000001,30.000000000000004,2024,December
ORD00487,2025-06-07 14:01:10.434170,Beauty,East,Consumer,Merchant,Minimalist,Large,In Transit,14,157.68,Completed,False,USD,2207.52,1545.264,662.2560000000001,30.000000000000004,2025,June
ORD00488,2024-10-07 14:01:10.434172,Clothing,North,Corporate,Merchant,Classic,Large,In Transit,1,105.07,Completed,False,USD,105.07,73.54899999999999,31.521,30.000000000000004,2024,October
ORD00489,2024-10-21 14:01:10.434175,Books,South,Consumer,Dropship,Modern,Medium,In Transit,10,202.79,Completed,False,USD,2027.8999999999999,1419.5299999999997,608.3700000000001,30.00000000000001,2024,October
ORD00490,2024-08-24 14:01:10.434177,Books,North,Small Business,Merchant,Modern,Small,In Transit,8,192.41,Completed,False,USD,1539.28,1077.4959999999999,461.7840000000001,30.00000000000001,2024,August
ORD00491,2025-01-19 14:01:10.434180,Home Decor,West,Consumer,Merchant,Modern,Large,In Transit,14,296.19,Completed,False,USD,4146.66,2902.662,1243.998,30.000000000000004,2025,January
ORD00492,2024-11-24 14:01:10.434184,Home Decor,North,Corporate,Merchant,Modern,Medium,In Transit,8,169.64,Completed,False,USD,1357.12,949.9839999999998,407.1360000000001,30.00000000000001,2024,November
ORD00493,2024-06-26 14:01:10.434188,Books,East,Consumer,FBA,Minimalist,Small,In Transit,13,281.54,Completed,False,USD,3660.0200000000004,2562.014,1098.0060000000003,30.000000000000004,2024,June
ORD00494,2025-01-16 14:01:10.434192,Beauty,East,Consumer,Dropship,Classic,Large,In Transit,6,200.81,Completed,False,USD,1204.8600000000001,843.402,361.4580000000001,30.000000000000004,2025,January
ORD00495,2025-01-27 14:01:10.434196,Books,East,Consumer,Merchant,Classic,Medium,Delayed,7,281.92,Completed,True,USD,1973.44,1381.408,592.0320000000002,30.000000000000004,2025,January
ORD00496,2024-12-13 14:01:10.434200,Electronics,South,Small Business,Dropship,Classic,Small,In Transit,7,265.29,Completed,True,USD,1857.0300000000002,1299.921,557.1090000000002,30.000000000000004,2024,December
ORD00497,2024-09-29 14:01:10.434205,Electronics,East,Consumer,Dropship,Classic,Large,Delayed,11,176.22,Completed,False,USD,1938.42,1356.894,581.5260000000001,30.000000000000004,2024,September
ORD00498,2025-02-17 14:01:10.434209,Beauty,East,Corporate,FBA,Classic,Large,Delivered,14,56.8,Completed,False,USD,795.1999999999999,556.6399999999999,238.56000000000006,30.00000000000001,2025,February
ORD00499,2025-04-16 14:01:10.434469,Clothing,West,Small Business,Merchant,Modern,Large,In Transit,10,59.27,Completed,False,USD,592.7,414.89,177.81000000000006,30.00000000000001,2025,April
ORD00500,2025-06-10 14:01:10.434476,Electronics,South,Corporate,FBA,Minimalist,Medium,Delivered,7,30.32,Completed,False,USD,212.24,148.56799999999998,63.672000000000025,30.00000000000001,2025,June
